rowType_cord19	cord-19-task	notebookUrl	cTable	cItems	cArticles	cArticlesMatched	columnHeaders
I-104	task1	https://www.kaggle.com/maksimeren/covid-19-literature-clustering	0	8	8	8	
I-104	task1	https://www.kaggle.com/maksimeren/covid-19-literature-clustering	1	5	5	5	column_0|cord_uid|sha|source_x|title|doi|pmcid|pubmed_id|license|abstract|publish_time|authors|journal|Microsoft Academic Paper ID|WHO #Covidence|has_pdf_parse|has_pmc_xml_parse|full_text_file|url
I-104	task1	https://www.kaggle.com/maksimeren/covid-19-literature-clustering	1	5	5	5	column_0|paper_id|doi|abstract|body_text|authors|title|journal|abstract_summary
I-104	task1	https://www.kaggle.com/maksimeren/covid-19-literature-clustering	2	10	10	10	column_0|paper_id|doi|abstract|body_text|authors|title|journal|abstract_summary|abstract_word_count|body_word_count|body_unique_words
I-104	task1	https://www.kaggle.com/maksimeren/covid-19-literature-clustering	1	8	0	0	column_0|abstract_word_count|body_word_count|body_unique_words
I-104	task1	https://www.kaggle.com/dgunning/cord-research-engine-bm25-specter-embeddings	0	0	0	0	
I-104	task1	https://www.kaggle.com/dgunning/cord-research-engine-bm25-specter-embeddings	4	4	0	0	column_0|Papers|Oldest|Newest|SARS-COV-2|SARS|Coronavirus|Virus|Antivirals
I-104	task1	https://www.kaggle.com/dgunning/cord-research-engine-bm25-specter-embeddings	4	37	33	33	column_0|title|abstract|journal|authors|published|when
I-104	task1	https://www.kaggle.com/dgunning/cord-research-engine-bm25-specter-embeddings	3	3	3	3	column_0|published|authors|cord_uid|url
I-104	task1	https://www.kaggle.com/dgunning/cord-research-engine-bm25-specter-embeddings	2	20	20	20	title|summary|when|cord_uid
I-104	task1	https://www.kaggle.com/dgunning/cord-research-engine-bm25-specter-embeddings	1	5	5	5	column_0|cord_uid|cluster|x|y|1d|2d
I-104	task1	https://www.kaggle.com/dgunning/cord-research-engine-bm25-specter-embeddings	1	5	5	5	column_0|cord_uid|cluster|x|y|1d|2d|covid_related|published
I-104	task1	https://www.kaggle.com/dgunning/cord-research-engine-bm25-specter-embeddings	2	21	20	20	column_0|title|abstract|publish_time
I-104	task1	https://www.kaggle.com/dgunning/cord-research-engine-bm25-specter-embeddings	1	10	1	1	column_0|abstract|publish_time
I-104	task1	https://www.kaggle.com/danielwolffram/topic-modeling-finding-related-articles	0	561	560	560	
I-104	task1	https://www.kaggle.com/danielwolffram/topic-modeling-finding-related-articles	1	5	5	5	column_0|paper_id|body_text|methods|results|source|title|doi|abstract|publish_time|authors|journal|url|publish_year|is_covid19|study_design
I-104	task1	https://www.kaggle.com/danielwolffram/topic-modeling-finding-related-articles	1	5	0	0	column_0|0|1|2|3|4|5|6|7|8|9|...|40|41|42|43|44|45|46|47|48|49
I-104	task1	https://www.kaggle.com/davidmezzetti/cord-19-analysis-with-sentence-embeddings	0	13	3	3	
I-104	task1	https://www.kaggle.com/davidmezzetti/cord-19-analysis-with-sentence-embeddings	1	1	1	1	Date|Authors|Title|LOE &amp; Sample|Matches
I-104	task1	https://www.kaggle.com/davidmezzetti/cord-19-analysis-with-sentence-embeddings	1	5	5	5	column_0|Id|Source|Published|Publication|Authors|Title|Tags|Design|Size|Sample|Method|Reference
I-104	task1	https://www.kaggle.com/davidmezzetti/cord-19-analysis-with-sentence-embeddings	1	5	5	5	column_0|Id|Article|Tags|Design|Name|Text|Labels
I-104	task1	https://www.kaggle.com/davidmezzetti/cord-19-analysis-with-sentence-embeddings	1	10	0	0	column_0|key|value
I-104	task1	https://www.kaggle.com/nmonath/knowledge-discovery-from-full-text-research-papers	0	12	5	5	
I-104	task1	https://www.kaggle.com/sixteenpython/covid-19-temperature-air-travel-transmission	0	1	1	1	
I-104	task1	https://www.kaggle.com/sixteenpython/covid-19-temperature-air-travel-transmission	2	10	0	0	column_0|Province/State|Country/Region|Lat|Long|Date|Confirmed|Deaths|Recovered
I-104	task1	https://www.kaggle.com/sixteenpython/covid-19-temperature-air-travel-transmission	2	2	0	0	column_0|Date|Confirmed|Deaths|Recovered|Active
I-104	task1	https://www.kaggle.com/sixteenpython/covid-19-temperature-air-travel-transmission	4	206	4	4	column_0|Country/Region|Confirmed|Deaths|Recovered|Active
I-104	task1	https://www.kaggle.com/sixteenpython/covid-19-temperature-air-travel-transmission	1	5	0	0	column_0|dt|AverageTemperature|AverageTemperatureUncertainty|Country
I-104	task1	https://www.kaggle.com/sixteenpython/covid-19-temperature-air-travel-transmission	1	5	1	1	column_0|Country/Region|Confirmed|Deaths|Recovered|Active|AvgTemp
I-104	task1	https://www.kaggle.com/sandyvarma/covid-19-bert-mesh-enabled-knowledge-graph	0	18	13	11	
I-104	task1	https://www.kaggle.com/dirktheeng/anserini-bert-squad-for-semantic-corpus-search	0	3	0	0	
I-104	task1	https://www.kaggle.com/dirktheeng/anserini-bert-squad-for-semantic-corpus-search	43	668	668	583	column_0|Lucene ID|BERT-SQuAD Answer with Highlights|Confidence|Title/Link|PDF Link
I-104	task1	https://www.kaggle.com/crispyc/coronawhy-org-task-transmission-incubation	0	4	2	2	
I-104	task1	https://www.kaggle.com/crispyc/coronawhy-org-task-transmission-incubation	5	91	91	91	TITLE|SCORE|URL|YEAR
I-104	task1	https://www.kaggle.com/crispyc/coronawhy-org-task-transmission-incubation	1	146	145	145	QUESTION|TITLE|SCORE|URL|YEAR
I-104	task1	https://www.kaggle.com/cstefanache/nlp-text-mining-disease-behaviour	0	1	0	0	
I-104	task1	https://www.kaggle.com/cstefanache/nlp-text-mining-disease-behaviour	1	11	0	0	column_0|genome|sentence|file
I-104	task1	https://www.kaggle.com/cstefanache/nlp-text-mining-disease-behaviour	2	22	0	0	column_0|sentence|file
I-104	task1	https://www.kaggle.com/d4v1d3/cord-19-lda-topic-modeling-reccomendation-system	0	1	0	0	
I-104	task1	https://www.kaggle.com/super13579/covid-19-global-forecast-seir-visualize	0	1	1	1	
I-104	task1	https://www.kaggle.com/super13579/covid-19-global-forecast-seir-visualize	1	20	0	0	column_0|country/state|country|MSLE
I-104	task1	https://www.kaggle.com/super13579/covid-19-global-forecast-seir-visualize	1	5	0	0	column_0|ForecastId|ConfirmedCases|Fatalities
I-104	task1	https://www.kaggle.com/luisblanche/cord-19-use-doc2vec-to-match-articles-to-tasks	0	1	0	0	
I-104	task1	https://www.kaggle.com/luisblanche/cord-19-use-doc2vec-to-match-articles-to-tasks	1	2	2	2	column_0|paper_id|title|authors|affiliations|abstract|text|bibliography|raw_authors|raw_bibliography
I-104	task1	https://www.kaggle.com/yuanso/four-possible-ways-to-fight-covid-19	0	4	1	1	
I-104	task1	https://www.kaggle.com/jonathanbesomi/a-qa-model-to-answer-them-all	0	0	0	0	
I-104	task1	https://www.kaggle.com/avinashvyas/concept-diffusion-on-deep-features-graph	0	0	0	0	
I-104	task1	https://www.kaggle.com/darfunkel/cord-19-question-answering-with-bert-and-haystack	0	250	250	250	
I-104	task1	https://www.kaggle.com/sunweiyang/ericsson-cord-19-challenge-task-1-submission-1	0	2	0	0	
I-104	task1	https://www.kaggle.com/mrmimic/opinions-extraction-tool-several-examples	0	32	32	32	
I-104	task1	https://www.kaggle.com/parveenchhikara/ericsson-cord-19-challenge-task-1-submission-2	0	71	70	70	
I-104	task1	https://www.kaggle.com/super13579/covid19-answer-the-key-question-from-papers	0	0	0	0	
I-104	task1	https://www.kaggle.com/super13579/covid19-answer-the-key-question-from-papers	49	490	474	474	column_0|PaperID|Answer|Confident|abstract_by_ans
I-104	task1	https://www.kaggle.com/pierreholat/3d-exploration-of-papers-ranked-by-keyphrases	0	0	0	0	
I-104	task1	https://www.kaggle.com/pierreholat/3d-exploration-of-papers-ranked-by-keyphrases	1	5	4	4	column_0|cord_uid|sha|title|pmcid|abstract|publish_time|authors
I-104	task1	https://www.kaggle.com/pierreholat/3d-exploration-of-papers-ranked-by-keyphrases	1	5	4	4	column_0|cord_uid|sha|title|pmcid|abstract|publish_time|authors|abstract_kps
I-104	task1	https://www.kaggle.com/pierreholat/3d-exploration-of-papers-ranked-by-keyphrases	1	5	4	4	column_0|cord_uid|sha|title|pmcid|abstract|publish_time|authors|tf-idf|ranked_kps|keyphrases|ranked_sentences|bm25|score
I-104	task1	https://www.kaggle.com/hamid3731/keyphrase-extraction-and-graph-analysis	0	0	0	0	
I-104	task1	https://www.kaggle.com/hamid3731/keyphrase-extraction-and-graph-analysis	1	5	4	4	column_0|paper_id|title|abstract|text
I-104	task1	https://www.kaggle.com/hamid3731/keyphrase-extraction-and-graph-analysis	1	5	5	5	column_0|KeywordsId|ArticleId|Keywords|StemmedKeywords|KpminerKeywordsWeight|KeyRank
I-104	task1	https://www.kaggle.com/hamid3731/keyphrase-extraction-and-graph-analysis	1	5	5	5	column_0|ArticleId|Title|Abstract
I-104	task1	https://www.kaggle.com/hamid3731/keyphrase-extraction-and-graph-analysis	1	11	10	10	column_0|KeywordsId|ArticleId|name|StemmedKeywords|KpminerKeywordsWeight|KeyRank
I-104	task1	https://www.kaggle.com/ajrwhite/covid-19-transmission-and-incubation	0	0	0	0	
I-104	task1	https://www.kaggle.com/ajrwhite/covid-19-transmission-and-incubation	3	255	255	255	<b>publication_date</b>|<b>authors</b>|<b>title_link</b>|<b>key_passages</b>
I-104	task1	https://www.kaggle.com/alaaeddinalchalabi/homesite-customer-predictions	0	0	0	0	
I-104	task1	https://www.kaggle.com/alizahidraja/covid-19-search-engine-for-all-queries-use	0	0	0	0	
I-104	task1	https://www.kaggle.com/alizahidraja/covid-19-search-engine-for-all-queries-use	1	5	5	5	column_0|paper_id|title|authors|affiliations|abstract|text|bibliography
I-104	task1	https://www.kaggle.com/alizahidraja/covid-19-search-engine-for-all-queries-use	1	5	5	5	column_0|paper_id|title|authors|affiliations|abstract|text|bibliography|useful_info
I-104	task1	https://www.kaggle.com/alizahidraja/covid-19-search-engine-for-all-queries-use	1	10	0	0	column_0|Keyword_final
I-104	task1	https://www.kaggle.com/alizahidraja/covid-19-search-engine-for-all-queries-use	1	5	5	5	column_0|paper_id|title|authors|affiliations|abstract|text|bibliography|document_keyword
I-104	task1	https://www.kaggle.com/alizahidraja/covid-19-search-engine-for-all-queries-use	1	10	10	10	column_0|index|Paper_ID|Title|Score
I-104	task1	https://www.kaggle.com/beatrizyumi/covid-19-autocomplete-search-bar	0	0	0	0	
I-104	task1	https://www.kaggle.com/beatrizyumi/covid-19-autocomplete-search-bar	1	5	5	5	column_0|sha|source_x|title|doi|pmcid|pubmed_id|license|abstract|publish_time|authors|journal|Microsoft Academic Paper ID|WHO #Covidence|has_full_text|full_text_file
I-104	task1	https://www.kaggle.com/beatrizyumi/covid-19-autocomplete-search-bar	3	2003	1931	1931	column_0|title|abstract|doi|authors|journal|Score
I-104	task1	https://www.kaggle.com/nimitj/task1-onenovartis-dsv3-0	0	0	0	0	
I-104	task1	https://www.kaggle.com/sudansudan/caire-covid	0	2	0	0	
I-104	task1	https://www.kaggle.com/sudansudan/caire-covid	32	192	192	192	column_0|QA results|title
I-104	task1	https://www.kaggle.com/uplytics/thematic-q-a-of-risks-with-evidence-gap-maps	0	2	0	0	
I-104	task1	https://www.kaggle.com/uplytics/thematic-q-a-of-risks-with-evidence-gap-maps	2	10	10	10	column_0|paper_id|abstract|body_text|authors|title|journal|title_summary|abstract_summary|doi|publish_year|publish_date
I-104	task1	https://www.kaggle.com/davidmezzetti/cord-19-transmission-incubation-environment	0	73	73	73	
I-104	task1	https://www.kaggle.com/davidmezzetti/cord-19-transmission-incubation-environment	18	415	413	413	Date|Title|Design|Sample|Sampling Method|Matches
I-104	task1	https://www.kaggle.com/theamrzaki/covid-19-bert-researchpapers-semantic-search	0	0	0	0	
I-104	task1	https://www.kaggle.com/theamrzaki/covid-19-bert-researchpapers-semantic-search	4	8	0	0	column_0|paper_id|abstract|body_text|authors|title|journal|abstract_summary
I-104	task1	https://www.kaggle.com/theamrzaki/covid-19-bert-researchpapers-semantic-search	1	0	0	0	column_0|paper_id|title|abstract|abstract_summary
I-104	task1	https://www.kaggle.com/lvennak/covid-19-qa-bert	0	0	0	0	
I-104	task1	https://www.kaggle.com/lvennak/covid-19-qa-bert	1	4	4	4	column_0|id|Answer|Confidence
I-104	task1	https://www.kaggle.com/vtechcoder/clustering-and-paper-search-textmining-for-covid19	0	0	0	0	
I-104	task1	https://www.kaggle.com/vtechcoder/clustering-and-paper-search-textmining-for-covid19	2	7	7	7	column_0|paper_id|body_text|methods|results|cord_uid|source|title|doi|pmcid|pubmed_id|...|journal|full_text_file|url|publish_year|is_covid19|text_language|study_abstract|study_methods|study_results|study_design
I-104	task1	https://www.kaggle.com/vtechcoder/clustering-and-paper-search-textmining-for-covid19	3	15	0	0	column_0|body_text|source
I-104	task1	https://www.kaggle.com/hazoom/covid-19-search-engine-task-1	0	1	0	0	
I-104	task1	https://www.kaggle.com/hazoom/covid-19-search-engine-task-1	1	5	5	5	column_0|Unnamed: 0|paper_id|cord_uid|source|publish_time|url|title|authors|section|sentence|cleaned_sentence
I-104	task1	https://www.kaggle.com/hazoom/covid-19-search-engine-task-1	15	197	197	197	column_0|cord_uid|Source|Publish Time|Relevant Sentence|URL
I-104	task1	https://www.kaggle.com/hazoom/covid-19-search-engine-task-1	1	1	1	1	column_0|index|cord_uid|Source|Publish Time|Relevant Sentence|URL
I-104	task1	https://www.kaggle.com/sunmoon/corona-text-mining-spacy	0	0	0	0	
I-104	task1	https://www.kaggle.com/sunmoon/corona-text-mining-spacy	14	140	81	81	Title|Relevant Text|  dissimilarity (lower the better)
I-104	task1	https://www.kaggle.com/shiromiyuki/covid-19-using-tf-idf	0	0	0	0	
I-104	task1	https://www.kaggle.com/shiromiyuki/covid-19-using-tf-idf	108	648	624	624	column_0|title|doi|pmcid|pubmed_id|authors
I-104	task1	https://www.kaggle.com/rismakov/research-search-tool-and-article-summary	0	0	0	0	
I-104	task1	https://www.kaggle.com/rismakov/research-search-tool-and-article-summary	126	756	719	719	column_0|title|is_peer_reviewed|sample_size|study design|main_points
I-104	task1	https://www.kaggle.com/sergeypashchenko/extract-context-from-covid-dataset-q-a-bert-sys	0	0	0	0	
I-104	task1	https://www.kaggle.com/nabeelsajid917/covid-19-detection-from-x-ray-images-of-lungs	0	0	0	0	
I-104	task1	https://www.kaggle.com/bkochetov/answer-extractor-for-covid-19	0	0	0	0	
I-104	task1	https://www.kaggle.com/pierreholat/keyphrases-ranking-of-data-supplemented-by-api	0	2	0	0	
I-104	task1	https://www.kaggle.com/pierreholat/keyphrases-ranking-of-data-supplemented-by-api	1	1	1	1	column_0|sha|doi|title
I-104	task1	https://www.kaggle.com/pierreholat/keyphrases-ranking-of-data-supplemented-by-api	1	1	1	1	column_0|title|title_f|abstract|abstract_f
I-104	task1	https://www.kaggle.com/jonasbkemp/cord-19-q-a-with-biobert-transmission	0	1	0	0	
I-104	task1	https://www.kaggle.com/jonasbkemp/cord-19-q-a-with-biobert-transmission	22	918	918	918	answer|article|cohort size
I-104	task1	https://www.kaggle.com/matteomuffo/a-fine-grained-covid-19-question-answering-engine	0	0	0	0	
I-104	task1	https://www.kaggle.com/matteomuffo/a-fine-grained-covid-19-question-answering-engine	1	5	5	5	column_0|cord_uid|sha|source_x|title|doi|pmcid|pubmed_id|license|abstract|publish_time|authors|journal|Microsoft Academic Paper ID|WHO #Covidence|has_pdf_parse|has_pmc_xml_parse|full_text_file|url
I-104	task1	https://www.kaggle.com/matteomuffo/a-fine-grained-covid-19-question-answering-engine	1	5	5	5	column_0|paper_id|abstract|body_text|authors|title|journal
I-104	task1	https://www.kaggle.com/aestheteaman01/covid-ran-research-analytics-notebook	0	1	0	0	
I-104	task1	https://www.kaggle.com/aestheteaman01/covid-ran-research-analytics-notebook	1	2	2	2	column_0|Unnamed: 0|Unnamed: 0.1|paper_id|abstract|body_text|authors|title|journal|abstract_summary|Labels
I-104	task1	https://www.kaggle.com/aestheteaman01/covid-ran-research-analytics-notebook	1	2	2	2	column_0|paper_id|abstract|body_text|authors|title|journal|abstract_summary|Labels|Word_Count
I-104	task1	https://www.kaggle.com/aestheteaman01/covid-ran-research-analytics-notebook	2	10	0	0	column_0|SNo|ObservationDate|Province/State|Country/Region|Last Update|Confirmed|Deaths|Recovered
I-104	task1	https://www.kaggle.com/aestheteaman01/covid-ran-research-analytics-notebook	2	12	0	0	column_0|ObservationDate|Province/State|Country/Region|Confirmed|Deaths|Recovered
I-104	task1	https://www.kaggle.com/mlconsult/transmission-incubation-and-environment-2-0	0	0	0	0	
I-104	task1	https://www.kaggle.com/mlconsult/transmission-incubation-and-environment-2-0	1	5	5	5	column_0|sha|title|doi|abstract|publish_time|authors|journal|full_text_file
I-104	task1	https://www.kaggle.com/mlconsult/transmission-incubation-and-environment-2-0	28	288	288	288	pub_date|authors|title|excerpt
I-104	task1	https://www.kaggle.com/cnicolas/covid-19-tfidf-based-automated-literature-review	0	0	0	0	
I-104	task1	https://www.kaggle.com/cnicolas/covid-19-tfidf-based-automated-literature-review	1	2	2	2	column_0|Title|Published Year|Abstract
I-104	task1	https://www.kaggle.com/cnicolas/covid-19-tfidf-based-automated-literature-review	7	21	21	21	column_0|Title|Published Year|Abstract|Similarity
I-104	task1	https://www.kaggle.com/jinhyuklee/answering-domain-specific-questions-in-real-time	0	1	0	0	
I-104	task1	https://www.kaggle.com/phasersharp/ai-inspired-semantic-knowledge-retrieval-framework	0	4	0	0	
I-104	task1	https://www.kaggle.com/phasersharp/ai-inspired-semantic-knowledge-retrieval-framework	1	2	2	2	column_0|cord_uid|sha|source_x|title|doi|pmcid|pubmed_id|license|abstract|publish_time|authors|journal|Microsoft Academic Paper ID|WHO #Covidence|has_pdf_parse|has_pmc_xml_parse|full_text_file|url
I-104	task1	https://www.kaggle.com/phasersharp/ai-inspired-semantic-knowledge-retrieval-framework	3	10	10	10	column_0|paper_id|abstract|body_text|authors|title|journal|publish_time|abstract_summary
I-104	task1	https://www.kaggle.com/phasersharp/ai-inspired-semantic-knowledge-retrieval-framework	1	5	5	5	column_0|paper_id|abstract|body_text|authors|title|journal|publish_time|abstract_summary|abstract_token
I-104	task1	https://www.kaggle.com/phasersharp/ai-inspired-semantic-knowledge-retrieval-framework	1	5	0	0	column_0|2000à4000|2017a|2019b|2d|3à5|abbrevi|abil|abl|abnorm|accord|account|acquir|acquisit|across|act|activ|actual|acut|ad|adaptor|address|adenosin|adenovirus|administ|admiss|adult|adulthood|advanc|advantag|affect|affin|afp|african|age|aggreg|aic|aim|air|akaik|al|albopictu|allow|almost|alreadi|also|although|among|amount|amplif|amplifi|analysi|analyt|and|announc|anoth|antibodi|antivir|appeal|appear|appli|applic|approach|approxim|arachnoid|architectur|ard|area|areal|argu|armi|arrang|arrest|articl|artifici|as|asia|asian|assay|associ|assumpt|astonish|at|atf2|atp|attempt|attract|author|autocorrel|autonom|avail|avoid|backward|barcod|barrier|barzon|base|bayesian|bead|becom|bedrock|begin|beij|benefit|besid|better|bilater|billion|bind|biolog|bioreceptor|biosensor|bline|bloodstream|bocavirus|bp|brain|branch|breakdown|bridg|brief|bronchogram|budget|bullwhip|burden|by|calibr|camera|campaign|canal|candid|capabl|captur|carcinoma|care|carnoval|carri|carrier|case|catalyt|caus|causal|ccd|cell|cellular|central|cerebrospin|chain|challeng|chang|chapter|character|characterist|charg|chc|cheaper|chemiluminesc|chemistri|chest|childhood|children|china|choroid|choropleth|chri|chronic|citi|civilian|climat|clinic|clone|close|cn|coincid|collect|color|colorimetr|combat|combin|commerc|commerci|commission|common|commun|como|compar|comparison|compart|complementari|complex|complic|compon|comprehens|compris|comput|con|concentr|concern|conclus|condit|conduct|consecut|consid|consist|consolid|constraint|consum|contain|contamin|context|continu|contraind|contrast|contribut|control|convert|convict|cord|core|corona|coronavirus|correctli|correl|cost|could|count|countri|coupl|cours|crazi|criterion|critic|crowd|crucial|crystal|csf|ct|curat|current|curv|cxr|cycl|data|databas|decapacit|decemb|deciph|decis|declin|decreas|defin|...|real|realiz|reason|recent|recognit|reduc|reduct|reemerg|refer|regul|reiniti|rel|relat|relativist|releas|releg|relev|reliabl|render|repeat|report|repositori|repres|reproduc|research|resist|resort|resourc|respect|respiratori|respons|result|retrospect|review|rhinovirus|ring|rippl|risk|rna|robust|roch|role|roughli|rsv|rti|rural|sa|sampl|sari|scaffold|scale|scenario|school|schuster|scienc|scientist|search|season|second|secur|seek|seir|select|selfassembl|send|sens|sensit|sensor|sentenc|separ|sequenc|serv|set|sever|sharp|short|show|sign|signal|signific|similar|simpl|simpler|simpli|simul|sinc|singl|sir|situat|slave|slim|small|smaller|soft|solid|sooner|sore|space|spatial|speci|specif|spectrum|spinal|sporad|spread|spring|stabil|state|statist|stegomyia|stereochem|still|storag|strand|strict|stripe|strong|structur|studi|subarachnoid|subject|subpleur|substrat|subvert|success|suggest|suitabl|sulfurylas|summari|summer|suppli|support|surfac|suscept|swift|syndrom|synthesi|system|systemat|take|tang|target|task|technic|techniqu|technolog|temper|temporari|tension|term|thank|the|therapeut|therapi|these|thi|thicken|thing|think|third|thorough|thousand|three|threefold|throat|throughout|thu|time|to|togeth|tomographi|total|toward|town|trade|tradit|traffick|transcript|transduct|transistor|transmiss|transmit|transport|traumat|triphosph|tropic|tunnel|two|type|typic|ue|ultim|ultrasound|uncertainti|unclear|uncontrol|understand|undertake|union|uniqu|unit|unlimit|upon|us|use|usual|util|valduc|variabl|variat|varieti|variou|vascular|ventricular|versa|version|via|vice|view|villag|villi|violenc|viral|viru|virus|visibl|vision|voltag|volum|way|we|wealth|well|when|wherebi|whether|while|whilst|whose|wide|widespread|winter|with|within|without|women|would|write|wuhan|year
I-104	task1	https://www.kaggle.com/phasersharp/ai-inspired-semantic-knowledge-retrieval-framework	1	5	0	0	column_0|Max1|Max2|Max3|Max4|Max5|Max6|Max7|Max8|Max9|Max10|Max11|Max12|Max13|Max14|Max15
I-104	task1	https://www.kaggle.com/phasersharp/ai-inspired-semantic-knowledge-retrieval-framework	1	5	5	5	column_0|Paper ID|Title|Summary|Score
I-104	task1	https://www.kaggle.com/danielwolffram/discovid-ai-a-search-and-recommendation-engine	0	5	0	0	
I-104	task1	https://www.kaggle.com/yatinece/covid-19-task-1-transmission-incubation-graph-algo	0	0	0	0	
I-104	task1	https://www.kaggle.com/yatinece/covid-19-task-1-transmission-incubation-graph-algo	23	161	161	161	score|Summary|cord_uid|title|license|publish_time|authors|journal|Clusters
I-104	task1	https://www.kaggle.com/edskim/deeper-insights-covid-19-knowledge-graph	0	3	0	0	
I-104	task1	https://www.kaggle.com/edskim/deeper-insights-covid-19-knowledge-graph	1	64	59	59	column_0|Concept|In Children|Sentence|DocID
I-104	task1	https://www.kaggle.com/edskim/deeper-insights-covid-19-knowledge-graph	5	68	54	54	column_0|Concept|Sentence|DocID
I-104	task1	https://www.kaggle.com/edskim/deeper-insights-covid-19-knowledge-graph	1	10	10	10	column_0|Substance|Transmission|Sentence|DocID
I-104	task1	https://www.kaggle.com/edskim/deeper-insights-covid-19-knowledge-graph	1	24	23	23	column_0|Concept|Medical Staff|Sentence|DocID
I-104	task1	https://www.kaggle.com/rohitranga/covid19-nlp-challenge	0	0	0	0	
I-104	task1	https://www.kaggle.com/rohitranga/covid19-nlp-challenge	1	6	0	0	sentence</td>|In summary, vaccines against EIDs and biothreat agents present unique issues for clinical development and evaluation by the FDA.</td>
I-104	task1	https://www.kaggle.com/rohitranga/covid19-nlp-challenge	1	6	0	0	sentence</td>|The post-Ebola commission reports urged research and development of vaccines and anti-microbial medications to be better funded and expedited.</td>
I-104	task1	https://www.kaggle.com/rohitranga/covid19-nlp-challenge	1	6	0	0	sentence</td>|However, vaccines against EIDs and biothreats agents present unique issues for clinical development and evaluation by the FDA.</td>
I-104	task1	https://www.kaggle.com/rohitranga/covid19-nlp-challenge	1	6	0	0	sentence</td>|This investigation is a first step for development of bivalent vaccines against TGE and PED.</td>
I-104	task1	https://www.kaggle.com/rohitranga/covid19-nlp-challenge	1	6	1	1	sentence</td>|Lipopeptides containing Pam3Cys and Pam2Cys have been evaluated for development of immunocontraceptive vaccines.</td>
I-104	task1	https://www.kaggle.com/rohitranga/covid19-nlp-challenge	2	12	2	2	sentence</td>|WHO will continue to consider published evidence and proposals to improve the registration of vaccines in developing countries.</td>
I-104	task1	https://www.kaggle.com/rohitranga/covid19-nlp-challenge	1	6	1	1	sentence</td>|In June 2018, WHO and the International Vaccine Institut (IVI) held a joint workshop update the status of human and animal MERS-CoV vaccine development, and identify and prioritize activities to accelerate vaccine research and development.</td>
I-104	task1	https://www.kaggle.com/rohitranga/covid19-nlp-challenge	1	6	1	1	sentence</td>|Numerous investigations are being conducted, including efforts to develop vaccines and therapeutics.</td>
I-104	task1	https://www.kaggle.com/rohitranga/covid19-nlp-challenge	1	6	1	1	sentence</td>|There has been progress in developing therapeutics and vaccines.</td>
I-104	task1	https://www.kaggle.com/moghazy/covid-19-papers-prioritization-system-analysis	0	0	0	0	
I-104	task1	https://www.kaggle.com/moghazy/covid-19-papers-prioritization-system-analysis	1	7	7	7	column_0|cord_uid|sha|source_x|title|doi|pmcid|pubmed_id|license|abstract|publish_time|authors|journal|Microsoft Academic Paper ID|WHO #Covidence|has_pdf_parse|has_pmc_xml_parse|full_text_file|url
I-104	task1	https://www.kaggle.com/hvillacorte/covid-19-transmission-incubation-stability	0	0	0	0	
I-104	task1	https://www.kaggle.com/hvillacorte/covid-19-transmission-incubation-stability	1	4	4	4	column_0|paper_id|q0_similarity|q1_similarity|q2_similarity|q3_similarity|q4_similarity|q5_similarity|q6_similarity|q7_similarity|q8_similarity|...|t10_q13_similarity|t10_similarity_processed|abstract|body_text|authors|title|journal|abstract_summary|abstract_word_count|body_word_count
I-104	task1	https://www.kaggle.com/zoupet/covid-19-search-engine-with-bert	0	0	0	0	
I-104	task1	https://www.kaggle.com/mahadihasantarunno/corona-analysis-and-visualization	0	2	0	0	
I-104	task1	https://www.kaggle.com/mahadihasantarunno/corona-analysis-and-visualization	2	20	0	0	column_0|Country|Confirmed|Deaths|Recovered
I-104	task1	https://www.kaggle.com/mahadihasantarunno/corona-analysis-and-visualization	1	20	0	0	column_0|Country|Confirmed|Deaths|Recovered|DeathRate|RecoveryRate
I-104	task1	https://www.kaggle.com/mahadihasantarunno/corona-analysis-and-visualization	1	8	0	0	column_0|AGE|DEATH RATE confirmed cases|DEATH RATE all cases
I-104	task1	https://www.kaggle.com/mahadihasantarunno/corona-analysis-and-visualization	1	2	0	0	column_0|SEX|DEATH RATE confirmed cases|DEATH RATE all cases
I-104	task1	https://www.kaggle.com/mahadihasantarunno/corona-analysis-and-visualization	1	10	0	0	column_0|Country|Cases|Deaths|Recovered|Temperature(C)
I-104	task1	https://www.kaggle.com/mahadihasantarunno/corona-analysis-and-visualization	1	10	0	0	column_0|Cases|Deaths|Temperature
I-104	task1	https://www.kaggle.com/mahadihasantarunno/corona-analysis-and-visualization	1	20	0	0	column_0|Day|Cases
I-104	task1	https://www.kaggle.com/fabulinus/covid-19-challenge-word2vec-keyword-search	0	13	13	13	
I-104	task1	https://www.kaggle.com/fabulinus/covid-19-challenge-word2vec-keyword-search	1	5	4	4	column_0|doc_id|source|title|abstract|text_body
I-104	task1	https://www.kaggle.com/fabulinus/covid-19-challenge-word2vec-keyword-search	1	20	0	0	column_0|text_body|text_body_clean
I-104	task1	https://www.kaggle.com/fabulinus/covid-19-challenge-word2vec-keyword-search	1	5	5	5	column_0|cord_uid|sha|source_x|title|doi|pmcid|pubmed_id|license|abstract|publish_time|authors|journal|Microsoft Academic Paper ID|WHO #Covidence|has_pdf_parse|has_pmc_xml_parse|full_text_file|url
I-104	task1	https://www.kaggle.com/fabulinus/covid-19-challenge-word2vec-keyword-search	1	5	5	5	column_0|doc_id|doi|publish_time|authors|url|title|text_body
I-104	task1	https://www.kaggle.com/fabulinus/covid-19-challenge-word2vec-keyword-search	1	5	5	5	column_0|doc_id|doi|publish_time|authors|url|title|search_covid_content|inference
I-104	task1	https://www.kaggle.com/jaouadboudouar/covid-19-challenge-using-doc2vec-atos-big-data	0	0	0	0	
I-104	task1	https://www.kaggle.com/jaouadboudouar/covid-19-challenge-using-doc2vec-atos-big-data	1	3	3	3	column_0|paper_id|title|authors|affiliations|abstract|text|bibliography|raw_authors|raw_bibliography|lang
I-104	task1	https://www.kaggle.com/emilymu/cord19-analysis-scibert-embeddings-on-mesh-words	0	0	0	0	
I-104	task1	https://www.kaggle.com/guizmo2000/question-answering-using-cdqa-bert-atos-big-data	0	0	0	0	
I-104	task1	https://www.kaggle.com/baptistemetge/simple-citation-network-and-pagerank-score	0	0	0	0	
I-104	task1	https://www.kaggle.com/cnicolas/cord-19-lda-based-topic-modeling-v1	0	0	0	0	
I-104	task1	https://www.kaggle.com/cnicolas/cord-19-lda-based-topic-modeling-v1	1	5	5	5	column_0|title|authors|publish_time|abstract|sha
I-104	task1	https://www.kaggle.com/cnicolas/cord-19-lda-based-topic-modeling-v1	1	11	0	0	column_0|Topic|words|cs
I-104	task1	https://www.kaggle.com/cnicolas/cord-19-lda-based-topic-modeling-v1	1	12	0	0	column_0|Freq|Topic
I-104	task1	https://www.kaggle.com/cnicolas/cord-19-lda-based-topic-modeling-v1	1	11	0	0	column_0|Topic|Frequency|Relevant Words|Coherence
I-104	task1	https://www.kaggle.com/mlconsult/task-1-answers-natural-language-questions	0	0	0	0	
I-104	task1	https://www.kaggle.com/mlconsult/task-1-answers-natural-language-questions	19	95	95	95	date|excerpt|link|author
I-104	task1	https://www.kaggle.com/trilabs/covid2020	0	0	0	0	
I-104	task1	https://www.kaggle.com/mmoeller/a-references-based-atlas-of-covid-19-research	0	1	0	0	
I-104	task1	https://www.kaggle.com/tintedblast/covid-19-open-research-dataset-cord-19-analysis	0	0	0	0	
I-104	task1	https://www.kaggle.com/jitu38/covid-19-biomedical-semantic-search-q-a-system	0	0	0	0	
I-104	task1	https://www.kaggle.com/jitu38/covid-19-biomedical-semantic-search-q-a-system	1	5	5	5	column_0|sha|source_x|title|doi|pmcid|pubmed_id|license|abstract|publish_time|authors|journal|Microsoft Academic Paper ID|WHO #Covidence|has_full_text|full_text_file
I-104	task1	https://www.kaggle.com/jitu38/covid-19-biomedical-semantic-search-q-a-system	1	5	5	5	column_0|paper_id|abstract|body_text|authors|title|journal|abstract_summary
I-104	task1	https://www.kaggle.com/jitu38/covid-19-biomedical-semantic-search-q-a-system	1	5	5	5	column_0|paper_id|abstract|body_text|authors|title|journal|abstract_summary|abstract_word_count|body_word_count
I-104	task1	https://www.kaggle.com/jitu38/covid-19-biomedical-semantic-search-q-a-system	1	5	0	0	column_0|title
I-104	task1	https://www.kaggle.com/jitu38/covid-19-biomedical-semantic-search-q-a-system	1	5	5	5	column_0|paper_id|abstract|body_text|authors|title|journal|abstract_summary|abstract_word_count|body_word_count|paragraphs
I-104	task1	https://www.kaggle.com/ahmedewida/covid-19-achieving-all-tasks-using-gensim	0	0	0	0	
I-104	task1	https://www.kaggle.com/eslambaset/visualise-and-calculate-word-frequencies-covid-19	0	0	0	0	
I-104	task1	https://www.kaggle.com/ventsislavpolimenov/covid-19-hdbscan-clustering-of-publications	0	7	0	0	
I-104	task1	https://www.kaggle.com/qingliu67/analysis-data	0	0	0	0	
I-104	task1	https://www.kaggle.com/qingliu67/analysis-data	1	11	1	1	column_0|Unnamed: 0|paper_id|abstract|body_text|authors|title|journal|publish_time|abstract_summary|abstract_word_count|body_word_count
I-104	task1	https://www.kaggle.com/mercury825/ner-statistics-paper-rank-display	0	1	0	0	
I-104	task1	https://www.kaggle.com/mercury825/ner-statistics-paper-rank-display	1	5	5	5	column_0|cord_uid|sha|source_x|title|doi|pmcid|pubmed_id|license|abstract|publish_time|authors|journal|Microsoft Academic Paper ID|WHO #Covidence|has_pdf_parse|has_pmc_xml_parse|full_text_file|url
I-104	task1	https://www.kaggle.com/mercury825/ner-statistics-paper-rank-display	1	5	5	5	column_0|cord_uid|doi|sha|title|abstract|publish_time
I-104	task1	https://www.kaggle.com/mercury825/ner-statistics-paper-rank-display	13	65	65	65	column_0|cord_uid|related terms|irredundant terms occurrence|title+abstract|publish_time
I-104	task1	https://www.kaggle.com/bgoss541/training-set-labeling-jump-start-umls-linking	0	0	0	0	
I-104	task1	https://www.kaggle.com/bgoss541/training-set-labeling-jump-start-umls-linking	2	22	20	20	column_0|doc_id|title|abstract|full_text
I-104	task1	https://www.kaggle.com/bgoss541/training-set-labeling-jump-start-umls-linking	1	11	10	10	column_0|cui|tf|idf|doc_id|tf_idf
I-104	task1	https://www.kaggle.com/bgoss541/training-set-labeling-jump-start-umls-linking	3	32	30	30	column_0|doc_id|canonical_name|cui|tf_idf|tf|idf
I-104	task1	https://www.kaggle.com/bgoss541/training-set-labeling-jump-start-umls-linking	2	48	9	9	column_0|cui|canonical_name|idf|definition|raw_count|average_score
I-104	task1	https://www.kaggle.com/kiqokiqo/anserini-biobert-squad-for-semantic-corpus-sea	0	2	0	0	
I-104	task1	https://www.kaggle.com/kiqokiqo/anserini-biobert-squad-for-semantic-corpus-sea	1	20	20	14	column_0|BERT-SQuAD Answer with Highlights|BERT-SQuAD Title/Link|BioASQ Answer with Highlights|BioASQ Title/Link
I-104	task1	https://www.kaggle.com/kiqokiqo/anserini-biobert-squad-for-semantic-corpus-sea	47	662	657	556	column_0|Lucene ID|BioASQ Answer with Highlights|Confidence|Title/Link
I-104	task1	https://www.kaggle.com/abelburitica/covid-19-link-analysis-showing-spread	0	0	0	0	
I-104	task1	https://www.kaggle.com/tramakrishna/task1-onenovartis-datascience	0	0	0	0	
I-104	task1	https://www.kaggle.com/ikantdumas/cdqass-die-corona	0	2	0	0	
I-104	task1	https://www.kaggle.com/jbonfardeci2/kernel424a56b259-605a86	0	1	0	0	
I-104	task1	https://www.kaggle.com/bkoseoglu/co-authorship-network-analysis	0	9	4	4	
I-104	task1	https://www.kaggle.com/bkoseoglu/co-authorship-network-analysis	3	20	0	0	column_0|topic_0|topic_1|topic_2|topic_3|topic_4|topic_5|topic_6|topic_7|topic_8|topic_9|topic_10|topic_11|topic_12|topic_13|topic_14|topic_15|topic_16|topic_17|topic_18|topic_19
I-104	task1	https://www.kaggle.com/mehrdadfarokhnejad/covid-19-question-answer-system	0	90	90	90	
I-104	task1	https://www.kaggle.com/manishajain/task1-qna-literature-similarity-using-doc2vec	0	0	0	0	
I-104	task1	https://www.kaggle.com/yasmeenhany/covid-19-ir-using-tf-idf-and-summarization	0	0	0	0	
I-104	task1	https://www.kaggle.com/yasmeenhany/covid-19-ir-using-tf-idf-and-summarization	1	5	0	0	column_0|title|authors|text
I-104	task1	https://www.kaggle.com/rebeccaburwei/covid-19-studies-by-language	0	2	0	0	
I-104	task1	https://www.kaggle.com/dgunning/transmission-incubation-and-environment-stability	0	6	1	1	
I-104	task1	https://www.kaggle.com/dgunning/transmission-incubation-and-environment-stability	27	248	248	248	title|summary|when|cord_uid
I-104	task1	https://www.kaggle.com/woojoolee/covid19-concept-clustering	0	0	0	0	
I-104	task1	https://www.kaggle.com/woojoolee/covid19-concept-clustering	1	157	0	0	column_0|words
I-104	task1	https://www.kaggle.com/woojoolee/covid19-concept-clustering-v2	0	0	0	0	
I-104	task1	https://www.kaggle.com/woojoolee/covid19-concept-clustering-v2	1	157	0	0	column_0|words
I-104	task1	https://www.kaggle.com/isanvi/covid-19-ir-for-document-and-passage-retrieval	0	2	0	0	
I-104	task1	https://www.kaggle.com/pcchaos229/covid-19-tasks-using-bm25-and-sentence-embeddings	0	1	0	0	
I-104	task1	https://www.kaggle.com/tylersuard/mat2vec-covid-papers-unexpected-word-asociations	0	0	0	0	
I-104	task1	https://www.kaggle.com/nikhil00/eda-use-bert-recommendation-system	0	1	0	0	
I-104	task1	https://www.kaggle.com/nikhil00/eda-use-bert-recommendation-system	1	5	5	5	column_0|doc_id|source|title|abstract|text_body
I-104	task1	https://www.kaggle.com/csierraf/a-few-peek	0	0	0	0	
I-104	task1	https://www.kaggle.com/giorgosanastasakos/covid19-searchtool-on-sholarly-articles	0	0	0	0	
I-104	task1	https://www.kaggle.com/thebooort/epidemiology-math-models-used-in-research	0	11	2	0	
I-104	task1	https://www.kaggle.com/dangelov/covid-19-topic-modeling-and-search-with-top2vec	0	1	0	0	
I-104	task1	https://www.kaggle.com/dangelov/covid-19-topic-modeling-and-search-with-top2vec	1	5	5	5	column_0|cord_uid|sha|source_x|title|doi|pmcid|pubmed_id|license|abstract|publish_time|authors|journal|Microsoft Academic Paper ID|WHO #Covidence|has_pdf_parse|has_pmc_xml_parse|full_text_file|url
I-104	task1	https://www.kaggle.com/dangelov/covid-19-topic-modeling-and-search-with-top2vec	2	10	10	10	column_0|id|title|abstract|section|text
I-104	task1	https://www.kaggle.com/giovannipilloni/covid19-temperature-us	0	0	0	0	
I-104	task1	https://www.kaggle.com/datawiz/covid19-literature-mining-ub	0	0	0	0	
I-104	task1	https://www.kaggle.com/datawiz/covid19-literature-mining-ub	1	2	2	2	column_0|tokenized_sentences|sha|length
I-104	task1	https://www.kaggle.com/tvsharish/covid-bert	0	0	0	0	
I-104	task1	https://www.kaggle.com/theamrzaki/covid-19-finetune-bert-researchpapers-semantic-sea	0	3	0	0	
I-104	task1	https://www.kaggle.com/theamrzaki/covid-19-finetune-bert-researchpapers-semantic-sea	1	5	5	5	column_0|cord_uid|sha|source_x|title|doi|pmcid|pubmed_id|license|abstract|publish_time|authors|journal|Microsoft Academic Paper ID|WHO #Covidence|has_pdf_parse|has_pmc_xml_parse|full_text_file|url
I-104	task1	https://www.kaggle.com/theamrzaki/covid-19-finetune-bert-researchpapers-semantic-sea	4	18	15	15	column_0|paper_id|abstract|body_text|authors|title|journal|abstract_summary
I-104	task1	https://www.kaggle.com/theamrzaki/covid-19-finetune-bert-researchpapers-semantic-sea	1	5	5	5	column_0|paper_id|abstract|body_text|title|abstract_summary
I-104	task1	https://www.kaggle.com/theamrzaki/covid-19-finetune-bert-researchpapers-semantic-sea	2	11	10	10	column_0|paper_id
I-104	task1	https://www.kaggle.com/theamrzaki/covid-19-finetune-bert-researchpapers-semantic-sea	2	10	10	10	column_0|paper_id|title|abstract|abstract_summary
I-104	task1	https://www.kaggle.com/gangakrish/covid-19-cluster-semantically-similar-articles	0	0	0	0	
I-104	task1	https://www.kaggle.com/gangakrish/covid-19-cluster-semantically-similar-articles	2	16	15	15	column_0|cord_uid|sha|source_x|title|doi|pmcid|pubmed_id|license|abstract|publish_time|authors|journal|Microsoft Academic Paper ID|WHO #Covidence|has_pdf_parse|has_pmc_xml_parse|full_text_file|url
I-104	task1	https://www.kaggle.com/gangakrish/covid-19-cluster-semantically-similar-articles	1	11	10	10	column_0|index|cord_uid|sha|source_x|title|doi|pmcid|pubmed_id|license|abstract|publish_time|authors|journal|Microsoft Academic Paper ID|WHO #Covidence|has_pdf_parse|has_pmc_xml_parse|full_text_file|url
I-104	task1	https://www.kaggle.com/gangakrish/covid-19-cluster-semantically-similar-articles	1	11	0	0	column_0|bow
I-104	task1	https://www.kaggle.com/gangakrish/covid-19-cluster-semantically-similar-articles	1	11	0	0	column_0|tfidf
I-104	task1	https://www.kaggle.com/gangakrish/covid-19-cluster-semantically-similar-articles	1	43	0	0	column_0|Topic0|Topic1|Topic2|Topic3|Topic4|Topic5|Topic6|Topic7|Topic8|Topic9|dominant_topic
I-104	task1	https://www.kaggle.com/gangakrish/covid-19-cluster-semantically-similar-articles	1	10	0	0	column_0|aberrant|ability|able|abnormal|abnormality|abolished|abortion|abrogated|absence|absent|...|younger|zaire|zanamivir|zealand|zero|zinc|zone|zoonosis|zoonotic|zoster
I-104	task1	https://www.kaggle.com/gangakrish/covid-19-cluster-semantically-similar-articles	1	10	0	0	column_0|Word 0|Word 1|Word 2|Word 3|Word 4|Word 5|Word 6|Word 7|Word 8|Word 9|Word 10|Word 11|Word 12|Word 13|Word 14
I-104	task1	https://www.kaggle.com/gangakrish/covid-19-cluster-semantically-similar-articles	1	10	0	0	column_0|Word 0|Word 1|Word 2|Word 3|Word 4|Word 5|Word 6|Word 7|Word 8|Word 9|Word 10|Word 11|Word 12|Word 13|Word 14|Topics
I-104	task1	https://www.kaggle.com/gangakrish/covid-19-cluster-semantically-similar-articles	1	10	0	0	column_0|tasks|topic_number|dominant_topic|prob_scores
I-104	task1	https://www.kaggle.com/gangakrish/covid-19-cluster-semantically-similar-articles	2	21	21	21	column_0|index|cord_uid|sha|source_x|title|doi|pmcid|pubmed_id|license|abstract|...|authors|journal|Microsoft Academic Paper ID|WHO #Covidence|has_pdf_parse|has_pmc_xml_parse|full_text_file|url|processed_abstract|dominant_topic
I-104	task1	https://www.kaggle.com/gangakrish/covid-19-cluster-semantically-similar-articles	1	10	0	0	column_0|tasks|topic_number|dominant_topic|prob_scores|related_articles_cord_uid
I-104	task1	https://www.kaggle.com/gangakrish/covid-19-cluster-semantically-similar-articles	1	10	0	0	column_0|Topic Num|Num Documents
I-104	task1	https://www.kaggle.com/gangakrish/covid-19-cluster-semantically-similar-articles	1	11	0	0	column_0|Topic0|Topic1|Topic2|Topic3|Topic4|Topic5|Topic6|Topic7|Topic8|Topic9|dominant_pbb_value|dominant_topic|x_tsne|y_tsne
I-104	task1	https://www.kaggle.com/andreestevasfdc/sfdc-submission-task-1	0	1	0	0	
I-104	task1	https://www.kaggle.com/cbusch/research-value-scores	0	0	0	0	
I-104	task1	https://www.kaggle.com/cbusch/research-value-scores	1	5	0	0	column_0|study_method|value|comments
I-104	task1	https://www.kaggle.com/cbusch/research-value-scores	1	5	0	0	column_0|Rank|Name|Country/Region|Overall|Teaching|Research|Citations|Industry Income|International Outlook|RVS Tier
I-104	task1	https://www.kaggle.com/cbusch/research-value-scores	1	5	0	0	column_0|twur_name|kaggle_name
I-104	task1	https://www.kaggle.com/cbusch/research-value-scores	2	12	6	6	column_0|cohort_info|first_person_first|first_person_institution|first_person_last|first_person_location|first_person_middle|is_significant|metadata|num_authors|path|...|Citations|Industry Income|International Outlook|RVS Tier|weight_subject_type|weight_cohort_info|weight_significance|weight_study_type|weight_affliation|cummulative_sum
I-104	task1	https://www.kaggle.com/cbusch/research-value-scores	1	6	2	2	column_0|cohort_info|first_person_first|first_person_last|first_person_middle|is_significant|metadata|num_authors|path|path_to_json|study|...|Citations|Industry Income|International Outlook|RVS Tier|weight_subject_type|weight_cohort_info|weight_significance|weight_study_type|weight_affliation|cummulative_sum
I-104	task1	https://www.kaggle.com/cbusch/research-value-scores	1	6	3	3	column_0|cohort_info|is_significant|metadata|num_authors|path|path_to_json|study|subject_animal|subject_human|subject_lab|...|Citations|Industry Income|International Outlook|RVS Tier|weight_subject_type|weight_cohort_info|weight_significance|weight_study_type|weight_affliation|cummulative_sum
I-104	task1	https://www.kaggle.com/cbusch/research-value-scores	2	18	0	0	column_0|Citations|Country/Region|Industry Income|International Outlook|Name|Overall|RVS Tier|Rank|Research|Teaching|...|study|subject_animal|subject_human|subject_lab|twur_name|weight_affliation|weight_cohort_info|weight_significance|weight_study_type|weight_subject_type
I-104	task1	https://www.kaggle.com/tramakrishna/task1-onenovartis-datascience-v1	0	0	0	0	
I-104	task1	https://www.kaggle.com/gfkang/creating-intuitive-covid-19-data-visualizations	0	7	0	0	
I-104	task1	https://www.kaggle.com/gfkang/creating-intuitive-covid-19-data-visualizations	1	5	0	0	column_0|county|lat|long|3/27/2020|3/28/2020|3/29/2020|3/30/2020|4/1/2020|4/2/2020|4/3/2020|4/4/2020|4/5/2020|4/7/2020|4/9/2020|4/10/2020
I-104	task1	https://www.kaggle.com/gfkang/creating-intuitive-covid-19-data-visualizations	1	5	0	0	column_0|2020-03-27|2020-03-28|2020-03-29|2020-03-30|2020-04-01|2020-04-02|2020-04-03|2020-04-04|2020-04-05|2020-04-07|2020-04-09|2020-04-10
I-104	task1	https://www.kaggle.com/gfkang/creating-intuitive-covid-19-data-visualizations	1	5	0	0	column_0|county|lat|long|2020-03-27 00:00:00|2020-03-27 05:00:00|2020-03-27 10:00:00|2020-03-27 15:00:00|2020-03-27 20:00:00|2020-03-28 01:00:00|2020-03-28 06:00:00|...|2020-04-08 02:00:00|2020-04-08 07:00:00|2020-04-08 12:00:00|2020-04-08 17:00:00|2020-04-08 22:00:00|2020-04-09 03:00:00|2020-04-09 08:00:00|2020-04-09 13:00:00|2020-04-09 18:00:00|2020-04-09 23:00:00
I-104	task1	https://www.kaggle.com/gfkang/creating-intuitive-covid-19-data-visualizations	1	5	0	0	column_0|location|summary
I-104	task1	https://www.kaggle.com/kmpoonhk/topic-based-index-to-covid-19-papers	0	1	0	0	
I-104	task1	https://www.kaggle.com/luciasalar/fighting-infodemics-with-a-topic-search-system	0	0	0	0	
I-104	task1	https://www.kaggle.com/abhibha1807/topic-modelling-using-nmf	0	0	0	0	
I-104	task1	https://www.kaggle.com/abhibha1807/topic-modelling-using-nmf	1	5	5	5	column_0|cord_uid|sha|source_x|title|doi|pmcid|pubmed_id|license|abstract|publish_time|authors|journal|Microsoft Academic Paper ID|WHO #Covidence|has_pdf_parse|has_pmc_xml_parse|full_text_file|url
I-104	task1	https://www.kaggle.com/noricoxomnia/network-of-papers-and-references	0	10	0	0	
I-104	task1	https://www.kaggle.com/nimitj/task1-onenovartis-dsv2-0	0	0	0	0	
I-104	task1	https://www.kaggle.com/rashok3337/covid-19-sent2vec-squad-incubation-environment	0	170	170	167	
I-104	task1	https://www.kaggle.com/gabjou/covid-19-nlp-tasks	0	4	0	0	
I-104	task1	https://www.kaggle.com/gabjou/covid-19-nlp-tasks	2	43	42	42	column_0|title|publish_time|paper_id
I-104	task1	https://www.kaggle.com/mfondoum/cord-19-litterature-review	0	0	0	0	
I-104	task1	https://www.kaggle.com/mfondoum/cord-19-litterature-review	1	5	0	0	column_0|article|length|lang
I-104	task1	https://www.kaggle.com/mfondoum/cord-19-litterature-review	1	5	0	0	column_0|DocumentId|ClusterId
I-104	task1	https://www.kaggle.com/mfondoum/cord-19-litterature-review	1	5	0	0	column_0|article|length|article1
I-104	task1	https://www.kaggle.com/mcoimbat/nlp-based-analysis-of-covid-19-corpus	0	0	0	0	
I-104	task1	https://www.kaggle.com/shashankdubeypeace/aig-covid-nlp	0	0	0	0	
I-104	task1	https://www.kaggle.com/unicorndog1897/supplementing-text-mining-with-citation-networks	0	23	21	21	
I-104	task1	https://www.kaggle.com/unicorndog1897/supplementing-text-mining-with-citation-networks	1	5	5	5	column_0|paper_id|body_text|methods|results|cord_uid|source|title|doi|pmcid|pubmed_id|...|journal|full_text_file|url|publish_year|is_covid19|text_language|study_abstract|study_methods|study_results|study_design
I-104	task1	https://www.kaggle.com/unicorndog1897/supplementing-text-mining-with-citation-networks	7	70	63	63	column_0|cited_article|cited_article_year|source_article|source_article_dataset
I-104	task1	https://www.kaggle.com/unicorndog1897/supplementing-text-mining-with-citation-networks	1	5	5	5	column_0|cited_article|cited_article_year|source_article|source_article_dataset|title|paper_id|body_text|methods|results|cord_uid|...|journal|full_text_file|url|publish_year|is_covid19|text_language|study_abstract|study_methods|study_results|study_design
I-104	task1	https://www.kaggle.com/unicorndog1897/supplementing-text-mining-with-citation-networks	1	1	0	0	column_0|0|1|2|3|4|5|6|7|8|9|...|40|41|42|43|44|45|46|47|48|49
I-104	task1	https://www.kaggle.com/varshnes/covid-19-incubations-period-tasks	0	1	0	0	
I-104	task1	https://www.kaggle.com/oierldl/cord-19-tm-ir-qa-task1	0	159	155	155	
I-104	task1	https://www.kaggle.com/oierldl/cord-19-tm-ir-qa-task1	1	11	9	9	column_0|title|authors|journal|similarity
I-104	task1	https://www.kaggle.com/samidev/coronavirus-research-engine	0	2	0	0	
I-104	task1	https://www.kaggle.com/nike0good/covid-19-qa-system	0	1	0	0	
I-104	task1	https://www.kaggle.com/nike0good/covid-19-qa-system	1	5	5	5	column_0|cord_uid|sha|source_x|title|doi|pmcid|pubmed_id|license|abstract|publish_time|authors|journal|Microsoft Academic Paper ID|WHO #Covidence|has_pdf_parse|has_pmc_xml_parse|full_text_file|url
I-104	task1	https://www.kaggle.com/nike0good/covid-19-qa-system	1	5	5	5	column_0|paper_id|doi|abstract|body_text|authors|title|journal|abstract_summary
I-104	task1	https://www.kaggle.com/nike0good/covid-19-qa-system	2	10	10	10	column_0|paper_id|doi|abstract|body_text|authors|title|journal|abstract_summary|abstract_word_count|body_word_count|body_unique_words
I-104	task1	https://www.kaggle.com/nike0good/covid-19-qa-system	1	8	0	0	column_0|abstract_word_count|body_word_count|body_unique_words
I-104	task1	https://www.kaggle.com/nike0good/covid-19-qa-system	1	5	5	5	column_0|paper_id|doi|abstract|body_text|authors|title|journal|abstract_summary|abstract_word_count|body_word_count|body_unique_words|language
I-104	task1	https://www.kaggle.com/nike0good/covid-19-qa-system	1	5	5	5	column_0|paper_id|doi|abstract|body_text|authors|title|journal|abstract_summary|abstract_word_count|body_word_count|body_unique_words|language|processed_text
I-104	task1	https://www.kaggle.com/varshnes/all-tasks-covid19-challenge-answers	0	1	0	0	
I-104	task1	https://www.kaggle.com/koljabailly/covid-19-wiki-umls-entities-category-hierarchy	0	0	0	0	
I-104	task1	https://www.kaggle.com/dillonpulliam/ir-with-semantic-similarity-bert	0	4	0	0	
I-104	task1	https://www.kaggle.com/dillonpulliam/ir-with-semantic-similarity-bert	8	785	767	767	column_0|journal|title|authors|body_text|score
I-104	task1	https://www.kaggle.com/dillonpulliam/ir-with-semantic-similarity-bert	8	80	79	79	column_0|journal|title|authors|score
I-104	task1	https://www.kaggle.com/fredfrederikson/incubation-period-of-covid-19	0	0	0	0	
I-104	task1	https://www.kaggle.com/pmlee2017/use-covid19-search-engine	0	2	0	0	
I-104	task1	https://www.kaggle.com/charlotteloh/cord-19-tf-idf-bert-q-a	0	1	0	0	
I-104	task1	https://www.kaggle.com/charlotteloh/cord-19-tf-idf-bert-q-a	10	48	48	48	column_0|Evidence|Title|Authors|URL
I-104	task1	https://www.kaggle.com/blasteraj/queryexpansion-searchengine-fasttext-graph-analysi	0	0	0	0	
I-104	task1	https://www.kaggle.com/blasteraj/queryexpansion-searchengine-fasttext-graph-analysi	1	5	5	5	column_0|cord_uid|sha|source_x|title|doi|pmcid|pubmed_id|license|abstract|publish_time|authors|journal|Microsoft Academic Paper ID|WHO #Covidence|has_pdf_parse|has_pmc_xml_parse|full_text_file|url
I-104	task1	https://www.kaggle.com/blasteraj/queryexpansion-searchengine-fasttext-graph-analysi	1	5	5	5	column_0|cord_uid|sha|source_x|title|doi|pmcid|pubmed_id|license|abstract|publish_time|...|journal|Microsoft Academic Paper ID|WHO #Covidence|has_pdf_parse|has_pmc_xml_parse|full_text_file|url|abstract_length|abstract_cleaned|tokenized_abstract_title
I-104	task1	https://www.kaggle.com/aotegi/neural-question-answering-for-cord19-task1	0	139	134	134	
I-104	task1	https://www.kaggle.com/hiroshi20180410/cord-19-task1	0	1	0	0	
I-104	task1	https://www.kaggle.com/blind0ne/somantic-brain-inspired-clustering-and-querying	0	4	1	0	
I-104	task1	https://www.kaggle.com/nsorros/tfidf-bert	0	1	0	0	
I-104	task1	https://www.kaggle.com/nsorros/tfidf-bert	1	8	0	0	Task|Number of questions|Relevance|Good answer ratio
I-104	task1	https://www.kaggle.com/huascarmendez1/cord-19-transmission-mining	0	0	0	0	
I-104	task1	https://www.kaggle.com/huascarmendez1/cord-19-transmission-mining	1	5	5	5	column_0|paper_id|doc_title|doc_text|src
I-104	task1	https://www.kaggle.com/huascarmendez1/cord-19-transmission-mining	1	5	5	5	column_0|paper_id|term_group|term
I-104	task1	https://www.kaggle.com/varunmittalnlpcore/cord19-round1-response-by-uw-and-nlpcore	0	4	0	0	
I-104	task1	https://www.kaggle.com/varunmittalnlpcore/cord19-round1-response-by-uw-and-nlpcore	4	44	1	1	column_0|source|target|source_types|target_types|count|references|sentences
I-104	task1	https://www.kaggle.com/asitang/find-relations-with-coronavirus-like-a-pro	0	0	0	0	
I-104	task1	https://www.kaggle.com/asitang/find-relations-with-coronavirus-like-a-pro	1	10	0	0	column_0|entity_r|score_doc
I-104	task1	https://www.kaggle.com/asitang/find-relations-with-coronavirus-like-a-pro	1	10	0	0	column_0|entity_r|score_para
I-104	task1	https://www.kaggle.com/asitang/find-relations-with-coronavirus-like-a-pro	2	24	0	0	column_0|score
I-104	task1	https://www.kaggle.com/asitang/find-relations-with-coronavirus-like-a-pro	1	5	0	0	column_0|entity|sentence
I-104	task1	https://www.kaggle.com/asitang/find-relations-with-coronavirus-like-a-pro	11	48	0	0	column_0|sentence
I-104	task1	https://www.kaggle.com/hadimahihenni/covid-19-research-corpus-analysis-and-findings	0	1	0	0	
I-104	task1	https://www.kaggle.com/hadimahihenni/covid-19-research-corpus-analysis-and-findings	1	11	10	10	column_0|cord_uid|sha|source_x|title|doi|pmcid|pubmed_id|license|abstract|publish_time|authors|journal|Microsoft Academic Paper ID|WHO #Covidence|has_pdf_parse|has_pmc_xml_parse|full_text_file|url|year
I-104	task1	https://www.kaggle.com/hadimahihenni/covid-19-research-corpus-analysis-and-findings	2	10	10	10	column_0|cord_uid|title|abstract|body_text
I-104	task1	https://www.kaggle.com/hadimahihenni/covid-19-research-corpus-analysis-and-findings	1	5	5	5	column_0|cord_uid|year|title
I-104	task1	https://www.kaggle.com/hadimahihenni/covid-19-research-corpus-analysis-and-findings	1	5	5	5	column_0|cord_uid|authors
I-104	task1	https://www.kaggle.com/hadimahihenni/covid-19-research-corpus-analysis-and-findings	1	5	0	0	column_0|authors|nb_citations
I-104	task1	https://www.kaggle.com/hadimahihenni/covid-19-research-corpus-analysis-and-findings	1	5	5	5	column_0|cord_uid|nb_citations|title|abstract|body_text
I-104	task1	https://www.kaggle.com/hadimahihenni/covid-19-research-corpus-analysis-and-findings	1	11	10	10	column_0|title|abstract|authors|cord_uid|label
I-104	task1	https://www.kaggle.com/bezeyd/extracting-informations-about-task-question	0	0	0	0	
I-104	task1	https://www.kaggle.com/vaibhavdy/c19-prediction-model-based-on-geographic-factors	0	0	0	0	
I-104	task1	https://www.kaggle.com/vaibhavdy/c19-prediction-model-based-on-geographic-factors	1	11	0	0	column_0|Country|Labour Force|TotalPendamicDemise|Population|Density (km2)|Monthly Precipitation - (MM)|Rainfall - (MM)|Temperature - (Celsius)|CalDate|Count
I-104	task1	https://www.kaggle.com/vaibhavdy/c19-prediction-model-based-on-geographic-factors	1	11	1	1	column_0|Country_Global|Labour Force_Global|TotalPendamicDemise_Global|Population_Global|Density (km2)_Global|Monthly Precipitation - (MM)_Global|Rainfall - (MM)_Global|Temperature - (Celsius)_Global|CalDate_Global|Count_Global
I-104	task1	https://www.kaggle.com/gisblog/cord-19-vectorizer-all-tasks	0	16	0	0	
I-104	task1	https://www.kaggle.com/slavaz/simple-paragraph-search-bm25-fasttext-qe	0	0	0	0	
I-104	task1	https://www.kaggle.com/slavaz/simple-paragraph-search-bm25-fasttext-qe	2	6	2	2	column_0|title|authors|text
I-104	task1	https://www.kaggle.com/jakobkallestad/covid19-finding-articles-related-to-kaggle-tasks	0	0	0	0	
I-104	task1	https://www.kaggle.com/rashok3337/covid-19-transmission-incubation-environment	0	80	80	75	
I-104	task1	https://www.kaggle.com/jjlatval/covid-19-doc2vec-query-and-similar-research-match	0	0	0	0	
I-104	task1	https://www.kaggle.com/ahmedewida/cord19-tasks-using-gensim	0	0	0	0	
I-104	task1	https://www.kaggle.com/feildaw/find-parameters-for-topic-model-cord-19-retry-1	0	0	0	0	
I-104	task1	https://www.kaggle.com/plarmuseau/find-relevant-sentance	0	0	0	0	
I-104	task1	https://www.kaggle.com/plarmuseau/find-relevant-sentance	1	11	9	9	column_0|URL|Title|Abstract
I-104	task1	https://www.kaggle.com/plarmuseau/find-relevant-sentance	1	14	0	0	column_0|Title
I-104	task1	https://www.kaggle.com/abhisekdash37/text-mining-using-a-modified-tf-idf-algorithm	0	0	0	0	
I-104	task1	https://www.kaggle.com/quittend/unsupervised-abstracts-screening-part-1	0	10	1	0	
I-104	task1	https://www.kaggle.com/quittend/unsupervised-abstracts-screening-part-1	1	11	0	0	column_0|text_simplified|word_1|word_2|word_3
I-104	task1	https://www.kaggle.com/nikolovn79/covid-19-analysis-with-bigquery-cuda-and-nlp	0	0	0	0	
I-104	task1	https://www.kaggle.com/nikolovn79/covid-19-analysis-with-bigquery-cuda-and-nlp	1	5	5	5	column_0|string_field_0|string_field_1|string_field_2|string_field_3|string_field_4
I-104	task1	https://www.kaggle.com/nikolovn79/covid-19-analysis-with-bigquery-cuda-and-nlp	1	11	10	10	column_0|string_field_0|string_field_1|string_field_2|string_field_3|string_field_4|Body_word_count|Abstract_word_count|Title_word_count|Title_vector|Title_vector_norm|Abstract_entities|Body_entities|Abstract_vector_norm|Abstract_vector|Body_vector_norm|Body_vector|Body_entities_vect|Abstract_entities_vect
I-104	task1	https://www.kaggle.com/nikolovn79/covid-19-analysis-with-bigquery-cuda-and-nlp	1	11	0	0	column_0|Abstract_vector_norm|Body_entities_1|Body_entities_vect_1|Body_entities_2|Body_entities_vect_2|Body_entities_3|Body_entities_vect_3|Body_entities_vect_3|Body_entities_4|Body_entities_vect_4|Body_entities_5|Body_entities_vect_5|Body_entities_6|Body_entities_vect_6
I-104	task1	https://www.kaggle.com/adityakaushal98/range-of-incubation-periods-for-the-disease	0	0	0	0	
I-104	task1	https://www.kaggle.com/adityakaushal98/range-of-incubation-periods-for-the-disease	1	5	5	5	column_0|Title|Abstract|full_text
I-104	task1	https://www.kaggle.com/sapal6/covid-19-research-paper-language-model	0	1	0	0	
I-104	task1	https://www.kaggle.com/sapal6/covid-19-research-paper-language-model	1	5	5	5	column_0|paper_id|title|authors|affiliations|abstract|text|bibliography|raw_authors|raw_bibliography
I-104	task1	https://www.kaggle.com/sapal6/covid-19-research-paper-language-model	3	10	0	0	epoch|train_loss|valid_loss|accuracy|time
I-104	task1	https://www.kaggle.com/augjok/text-search-on-papers	0	133	132	132	
I-104	task1	https://www.kaggle.com/augjok/text-search-on-task-terms	0	133	132	132	
I-104	task1	https://www.kaggle.com/sagarkolte/cord-19-knowledge-maps-and-vocabularies	0	3	0	0	
I-104	task1	https://www.kaggle.com/siyabongamatchaba/covid-19-document-comparison-tf-idf-and-k-nearest	0	0	0	0	
I-104	task1	https://www.kaggle.com/ahmedewida/covid-19-tasks-filtering-using-gensim-similarity	0	0	0	0	
I-104	task1	https://www.kaggle.com/ahmedewida/covid-19-tasks-filtering-using-gensim-similarity	8	800	789	789	Document_ID|Title|KeyWords|Publish_Time|Author|Journal|Summary|Similarity
I-104	task1	https://www.kaggle.com/ahmedewida/covid-19-tasks-filtering-using-gensim-similarity	1	100	99	99	Document_ID|Title|Publish_Time|Author|Journal|Similarity
I-104	task1	https://www.kaggle.com/ahmedewida/what-is-known-about-transmission-incubation	0	0	0	0	
I-104	task1	https://www.kaggle.com/ahmedewida/what-is-known-about-transmission-incubation	1	100	100	100	Document_ID|Title|KeyWords|Publish_Time|Author|Journal|Summary|Similarity
I-104	task1	https://www.kaggle.com/jamespatten719/enigma-covid19	0	0	0	0	
I-104	task1	https://www.kaggle.com/kaggleurroad/exercise-underfitting-and-overfitting	0	0	0	0	
I-104	task1	https://www.kaggle.com/chahinezounoughi/covid-19-task-01	0	2	0	0	
I-104	task1	https://www.kaggle.com/chahinezounoughi/covid-19-task-01	1	3	3	3	column_0|sha|source_x|title|doi|pmcid|pubmed_id|license|abstract|publish_time|authors|journal|Microsoft Academic Paper ID|WHO #Covidence|has_full_text|full_text_file
I-104	task1	https://www.kaggle.com/chahinezounoughi/covid-19-task-01	1	5	5	5	column_0|PaperID|Title|Section|Text|Affilations|Title_Tokens_words|Text_Tokens_words|Words_count|Text_Lem_words|Title_Lem_words
I-104	task1	https://www.kaggle.com/chahinezounoughi/covid-19-task-01	1	5	0	0	column_0|Rank|University|Reg_rank|Score Alumni
I-104	task1	https://www.kaggle.com/chahinezounoughi/covid-19-task-01	1	11	9	9	column_0|PaperID|Title|Section|Text|Affilations|Title_Tokens_words|Text_Tokens_words|Words_count|Text_Lem_words|Title_Lem_words|publish_time|Aff_Score
I-104	task1	https://www.kaggle.com/chahinezounoughi/covid-19-task-01	15	422	403	403	column_0|PaperID|Title|Section|Text|Affilations|Title_Tokens_words|Text_Tokens_words|Words_count|Text_Lem_words|Title_Lem_words|publish_time|Aff_Score|Ranking_Score
I-104	task1	https://www.kaggle.com/acmiyaguchi/citation-analysis-environmental-factors	0	0	0	0	
I-104	task1	https://www.kaggle.com/acmiyaguchi/citation-analysis-environmental-factors	1	11	10	10	column_0|paper_id|src_citation_id|dst_citation_id|paper|citation
I-104	task1	https://www.kaggle.com/acmiyaguchi/citation-analysis-environmental-factors	2	20	3	3	column_0|title|pagerank
I-104	task1	https://www.kaggle.com/acmiyaguchi/citation-analysis-environmental-factors	2	24	4	4	column_0|0|1|2|3|4|5|6|7|title
I-104	task1	https://www.kaggle.com/acmiyaguchi/citation-analysis-environmental-factors	13	155	15	15	column_0|title|score
I-104	task1	https://www.kaggle.com/deeshantk/kernel6aeadef153	0	0	0	0	
I-104	task1	https://www.kaggle.com/lalitapatel/papers-on-transmission-and-incubation	0	0	0	0	
I-104	task1	https://www.kaggle.com/lalitapatel/papers-on-transmission-and-incubation	1	6	0	0	Title|Abstract
I-104	task1	https://www.kaggle.com/vaccine24/kernel162450d46d	0	1	0	0	
I-104	task1	https://www.kaggle.com/bhagirathl/covid19-alpha-to-omega	0	0	0	0	
I-104	task1	https://www.kaggle.com/anandsrinivasan/covid-task-1-analysis-submission	0	0	0	0	
I-104	task1	https://www.kaggle.com/lalitapatel/correlation-of-covid-19-to-white-nose-syndrome	0	23	0	0	
I-104	task1	https://www.kaggle.com/lalitapatel/correlation-of-covid-19-to-white-nose-syndrome	1	5	0	0	column_0|Region|Lat|Lng|CovCases|CovDeaths|LatB|LngB
I-104	task1	https://www.kaggle.com/lalitapatel/correlation-of-covid-19-to-white-nose-syndrome	1	5	0	0	column_0|Region|Lat|Lng|WnsYears|LatB|LngB
I-104	task1	https://www.kaggle.com/lalitapatel/correlation-of-covid-19-to-white-nose-syndrome	1	5	0	0	column_0|LatB|LngB|CovCases|CovDeaths|WnsYears|CovCas|CovDth|WnsYrs
I-104	task1	https://www.kaggle.com/lalitapatel/correlation-of-covid-19-to-white-nose-syndrome	1	5	0	0	column_0|LatB|LngB|CovCases|CovDeaths|WnsYears|CovCas|CovDth|WnsYrs|CorrIndex|Bins
I-104	task1	https://www.kaggle.com/lalitapatel/correlation-of-covid-19-to-white-nose-syndrome	1	3	0	0	column_0|CorrIndex|Bins|BinsPerc|Correlation
I-104	task1	https://www.kaggle.com/deeshantk/kernel6645fb0c31	0	0	0	0	
I-104	task1	https://www.kaggle.com/deeshantk/kernel6645fb0c31	1	5	0	0	column_0|Id|Province_State|Country_Region|Date|ConfirmedCases|Fatalities
I-104	task1	https://www.kaggle.com/deeshantk/kernel6645fb0c31	1	5	0	0	column_0|ForecastId|Province_State|Country_Region|Date|Countries|dayofyear|month
I-104	task1	https://www.kaggle.com/deeshantk/kernel6645fb0c31	2	16	0	0	column_0|Countries|dayofyear|month
I-104	task1	https://www.kaggle.com/evasnow/results-summary-for-each-task-two-level-tfidf	0	3	0	0	
I-104	task1	https://www.kaggle.com/evasnow/results-summary-for-each-task-two-level-tfidf	2	10	10	10	column_0|cord_uid|sha|source_x|title|doi|pmcid|pubmed_id|license|abstract|publish_time|authors|journal|Microsoft Academic Paper ID|WHO #Covidence|has_pdf_parse|has_pmc_xml_parse|full_text_file|url
I-104	task1	https://www.kaggle.com/evasnow/results-summary-for-each-task-two-level-tfidf	2	10	10	10	column_0|cord_uid|sha|source_x|title|doi|pmcid|pubmed_id|license|abstract|publish_time|authors|journal|Microsoft Academic Paper ID|WHO #Covidence|has_pdf_parse|has_pmc_xml_parse|full_text_file|url|clean_abstract
I-104	task1	https://www.kaggle.com/thiagodma/simple-search-by-keywords-using-tf-idf	0	0	0	0	
I-104	task1	https://www.kaggle.com/thiagodma/simple-search-by-keywords-using-tf-idf	1	5	5	5	column_0|sha|text
I-104	task1	https://www.kaggle.com/thiagodma/simple-search-by-keywords-using-tf-idf	1	5	5	5	column_0|sha|source_x|title|doi|pmcid|pubmed_id|license|abstract|publish_time|authors|journal|Microsoft Academic Paper ID|WHO #Covidence|has_full_text|full_text_file
I-104	task1	https://www.kaggle.com/thiagodma/simple-search-by-keywords-using-tf-idf	1	5	5	5	column_0|index|sha|source_x|title|doi|pmcid|pubmed_id|license|abstract|publish_time|authors|journal|Microsoft Academic Paper ID|WHO #Covidence|has_full_text|full_text_file|text
I-104	task1	https://www.kaggle.com/thiagodma/simple-search-by-keywords-using-tf-idf	1	5	5	5	column_0|index|sha|source_x|title|doi|pmcid|pubmed_id|license|abstract|publish_time|authors|journal|Microsoft Academic Paper ID|WHO #Covidence|has_full_text|full_text_file|text|keywords
I-104	task1	https://www.kaggle.com/cheenguyen/aaaaaa	0	0	0	0	
I-104	task1	https://www.kaggle.com/cheenguyen/aaaaaa	1	5	5	5	column_0|cord_uid|sha|source_x|title|doi|pmcid|pubmed_id|license|abstract|publish_time|authors|journal|Microsoft Academic Paper ID|WHO #Covidence|has_full_text|full_text_file|url
I-104	task1	https://www.kaggle.com/cheenguyen/aaaaaa	1	5	5	5	column_0|title|abstract
I-104	task1	https://www.kaggle.com/cheenguyen/aaaaaa	1	5	0	0	column_0|Title|Abstract|Match
I-104	task1	https://www.kaggle.com/geetdsa/task1-use-embeddings-to-sort-top-n-papers	0	0	0	0	
I-104	task1	https://www.kaggle.com/datawiz/fork-of-covid19-literature-mining-ub	0	0	0	0	
I-104	task1	https://www.kaggle.com/kera33/query-enhancement-using-bert-distance	0	0	0	0	
I-104	task1	https://www.kaggle.com/plarmuseau/knowledge-extraction-with-spacy	0	1	0	0	
I-104	task1	https://www.kaggle.com/plarmuseau/knowledge-extraction-with-spacy	1	11	0	0	column_0|Title|Abstract
I-104	task1	https://www.kaggle.com/plarmuseau/knowledge-extraction-with-spacy	2	13	0	0	column_0|source|target|edge
I-104	task1	https://www.kaggle.com/souviksbhowmik/transmission-incubation-and-stability-by-souvik	0	0	0	0	
I-104	task1	https://www.kaggle.com/souviksbhowmik/transmission-incubation-and-stability-by-souvik	1	5	5	5	column_0|paper_id|path|title|text
I-104	task1	https://www.kaggle.com/souviksbhowmik/transmission-incubation-and-stability-by-souvik	1	5	5	5	column_0|index|paper_id|path|title|text|query_1_score
I-104	task1	https://www.kaggle.com/souviksbhowmik/transmission-incubation-and-stability-by-souvik	1	5	5	5	column_0|paper_id|path|title|text|content_type
I-104	task1	https://www.kaggle.com/souviksbhowmik/transmission-incubation-and-stability-by-souvik	1	5	5	5	column_0|paper_id|path|title|text|content_type|token_list|token_text
I-104	task1	https://www.kaggle.com/souviksbhowmik/transmission-incubation-and-stability-by-souvik	1	15	0	0	column_0|Unnamed: 0|What is known about transmission, incubation, and environmental stability? What do we know about natural history, transmission, and diagnostics for the virus? What have we learned about infection prevention and control?Corona Virus covid covid-19 covid19
I-104	task1	https://www.kaggle.com/souviksbhowmik/transmission-incubation-and-stability-by-souvik	1	5	5	5	column_0|paper_id|path|title|text|content_type|token_list|token_text|question_1_similarity|question_2_similarity|question_3_similarity|...|question_6_similarity|question_7_similarity|question_8_similarity|question_9_similarity|question_10_similarity|question_11_similarity|question_12_similarity|question_13_similarity|question_14_similarity|question_15_similarity
I-104	task1	https://www.kaggle.com/geetdsa/sort-top-n-papers-based-on-the-question	0	0	0	0	
I-104	task1	https://www.kaggle.com/abhishekgupta08/covid-19-search-article-topic-modelling	0	0	0	0	
I-104	task1	https://www.kaggle.com/paultestaccount2/test-matplotlib-interactive	0	0	0	0	
I-104	task1	https://www.kaggle.com/rmamnk/covid-19-research-and-word-cloud	0	0	0	0	
I-104	task1	https://www.kaggle.com/rramaseshan/connected-concept-graph-engine	0	0	0	0	
I-104	task1	https://www.kaggle.com/yukikumagai/covid-19-roberta-bm25-qa	0	91	0	0	
I-104	task1	https://www.kaggle.com/ksdkalluri/word-and-phrase-embeddings-using-word2vec	0	0	0	0	
I-104	task1	https://www.kaggle.com/kortex314/cord-19-browser-lda-glove-pyteaser	0	375	365	365	
I-104	task1	https://www.kaggle.com/kortex314/cord-19-browser-lda-glove-pyteaser	1	5	5	5	column_0|Microsoft Academic Paper ID|WHO #Covidence|abstract|abstract_cleaned|authors|cord_uid|doi|full_text_file|has_pdf_parse|has_pmc_xml_parse|journal|license|pmcid|publish_time|pubmed_id|sentences|sentences_cleaned|sha|source_x|title|title_cleaned|url
I-104	task1	https://www.kaggle.com/kortex314/cord-19-browser-lda-glove-pyteaser	1	21	20	20	column_0|Topic description|document_1|document_2|document_3
I-104	task1	https://www.kaggle.com/kortex314/cord-19-browser-lda-glove-pyteaser	1	5	0	0	column_0|abstract_cleaned|summary
I-104	task1	https://www.kaggle.com/kortex314/cord-19-browser-lda-glove-pyteaser	1	5	0	0	column_0|0|1|2|3|4|5|6|7|8|9|10|11|...|188|189|190|191|192|193|194|195|196|197|198|199
I-104	task1	https://www.kaggle.com/kortex314/cord-19-browser-lda-glove-pyteaser	125	375	0	0	Topic|Distribution
I-104	task1	https://www.kaggle.com/anvithatm/task1-final	0	0	0	0	
I-104	task1	https://www.kaggle.com/anvithatm/task1-final	42	645	453	453	column_0|Article Number|Article Title|Abstract
I-104	task1	https://www.kaggle.com/rashok3337/covid-19-sent2vec-squad-incubation-environmental	0	160	160	156	
I-104	task1	https://www.kaggle.com/ekaakurniawan/cord-19-abstract-and-conclusion-text-finder-tie	0	2	0	0	
I-104	task1	https://www.kaggle.com/ekaakurniawan/cord-19-abstract-and-conclusion-text-finder-tie	35	350	1	1	column_0|sentence
I-104	task1	https://www.kaggle.com/ekaakurniawan/cord-19-abstract-and-conclusion-text-finder-tie	21	119	105	105	column_0|dates|titles|study_links|journals|sentences|sentence_ids
I-104	task1	https://www.kaggle.com/donkeys/search-engine-in-a-notebook-qa-with-transformers	0	1	0	0	
I-104	task1	https://www.kaggle.com/donkeys/search-engine-in-a-notebook-qa-with-transformers	1	5	5	5	column_0|cord_uid|sha|source_x|title|doi|pmcid|pubmed_id|license|abstract|publish_time|authors|journal|Microsoft Academic Paper ID|WHO #Covidence|has_pdf_parse|has_pmc_xml_parse|full_text_file|url
I-104	task1	https://www.kaggle.com/donkeys/search-engine-in-a-notebook-qa-with-transformers	53	1367	1315	1315	column_0|Article title|Published|Journal|Authors|Confidence|Answer
I-104	task1	https://www.kaggle.com/sjz2018/kernel203123b951	0	0	0	0	
I-104	task1	https://www.kaggle.com/gasillapanda/covid-19-search-using-tf-idf	0	0	0	0	
I-104	task1	https://www.kaggle.com/gasillapanda/covid-19-search-using-tf-idf	1	25	25	25	column_0|cord_uid|sha|source_x|title|doi|pmcid|pubmed_id|license|abstract|publish_time|authors|journal|Microsoft Academic Paper ID|WHO #Covidence|has_pdf_parse|has_pmc_xml_parse|full_text_file|url
I-104	task1	https://www.kaggle.com/gasillapanda/covid-19-search-using-tf-idf	2	16	15	15	column_0|paper_id|title|abstract|body_text|bib_entries|bib_titles
I-104	task1	https://www.kaggle.com/gasillapanda/covid-19-search-using-tf-idf	1	11	10	10	column_0|index|sha|source_x|title|doi|abstract|publish_time|body_text|bib_entries|bib_titles
I-104	task1	https://www.kaggle.com/gasillapanda/covid-19-search-using-tf-idf	14	70	68	68	column_0|title|abstract|similarity
I-104	task1	https://www.kaggle.com/nitinkumarnuron/nuron-covid-scientific-brain	0	1	0	0	
I-104	task1	https://www.kaggle.com/forrestcavalier/cord-19-task-1-results-with-mesh	0	88	11	11	
I-104	task1	https://www.kaggle.com/forrestcavalier/cord-19-task-1-results-with-mesh	1	0	0	0	Kaggle prompt|Search terms used|Formatted Results
I-104	task1	https://www.kaggle.com/forrestcavalier/cord-19-task-1-results-with-mesh	14	246	169	168	MeSH heading|Recent Titles and matching excerpts from Abstracts|Pub.Type|Date
I-104	task1	https://www.kaggle.com/geofila/ails-lab	0	3	1	1	
I-104	task1	https://www.kaggle.com/geofila/ails-lab	1	2	2	2	column_0|paper_id|title|abstract|text|summaries|score
I-104	task1	https://www.kaggle.com/msrcosmos/kernel24713a8799	0	0	0	0	
I-104	task1	https://www.kaggle.com/strifonov/pyserini-scibert	0	14	12	11	
I-104	task1	https://www.kaggle.com/alexmikhalev/knowledge-graphs-no-pandas-submission-summary	0	2	0	0	
I-104	task1	https://www.kaggle.com/alexmikhalev/knowledge-graphs-no-pandas-submission-summary	9	90	90	90	column_0|article_id|Matched Sentence
I-104	task1	https://www.kaggle.com/pmlee2017/use-semantic-similarity-transmission-incubation	0	0	0	0	
I-104	task1	https://www.kaggle.com/pmlee2017/use-semantic-similarity-transmission-incubation	14	140	136	136	|publish_date|title|shorten_abstract|authors|journal|  similarities
I-104	task1	https://www.kaggle.com/pernelkanic/fast-bert-question-answering-1-paper-s	0	0	0	0	
I-104	task1	https://www.kaggle.com/pernelkanic/fast-bert-question-answering-1-paper-s	1	10	0	0	column_0|answer|score|start|end
I-104	task1	https://www.kaggle.com/jiripodivin/covsummer-transmission	0	0	0	0	
I-104	task1	https://www.kaggle.com/analyst8/covid-risk-factors-via-relevant-sentence-summary	0	0	0	0	
I-104	task1	https://www.kaggle.com/analyst8/covid-risk-factors-via-relevant-sentence-summary	1	5	5	5	column_0|cord_uid|sha|source_x|title|doi|pmcid|pubmed_id|license|abstract|publish_time|authors|journal|Microsoft Academic Paper ID|WHO #Covidence|has_pdf_parse|has_pmc_xml_parse|full_text_file|url
I-104	task1	https://www.kaggle.com/analyst8/covid-risk-factors-via-relevant-sentence-summary	1	5	5	5	column_0|paper_id|doi|abstract|body_text|authors|title|journal|abstract_summary
I-104	task1	https://www.kaggle.com/analyst8/covid-risk-factors-via-relevant-sentence-summary	1	5	5	5	column_0|doc_id|doi|abstract|body|authors|title|journal|abstract_summary
I-104	task1	https://www.kaggle.com/analyst8/covid-risk-factors-via-relevant-sentence-summary	2	944	944	944	column_0|title|count_smoke|sum|doc_id
I-104	task1	https://www.kaggle.com/drc10723/covid-comprehension	0	19	0	0	
I-104	task1	https://www.kaggle.com/drc10723/covid-comprehension	15	323	193	193	column_0|title|context|relevant sentence
I-104	task1	https://www.kaggle.com/aditya9729/covid-19-wonderbench-trial	0	5	0	0	
I-104	task1	https://www.kaggle.com/aditya9729/covid-19-wonderbench-trial	1	5	5	5	column_0|cord_uid|sha|source_x|title|doi|pmcid|pubmed_id|license|abstract|publish_time|authors|journal|Microsoft Academic Paper ID|WHO #Covidence|has_pdf_parse|has_pmc_xml_parse|full_text_file|url
I-104	task1	https://www.kaggle.com/aditya9729/covid-19-wonderbench-trial	1	5	5	5	column_0|paper_id|abstract|body_text|authors|title|journal|abstract_summary
I-104	task1	https://www.kaggle.com/aditya9729/covid-19-wonderbench-trial	1	11	0	0	column_0|0|1|2|3|4|5|6|7|8|9|...|90|91|92|93|94|95|96|97|98|99
I-104	task1	https://www.kaggle.com/aditya9729/covid-19-wonderbench-trial	1	5	0	0	column_0|x_coord|y_coord|word
I-104	task1	https://www.kaggle.com/karkin96/covid19-adversarial-training-domain-adaptation	0	2	0	0	
I-104	task1	https://www.kaggle.com/karkin96/covid19-adversarial-training-domain-adaptation	2	31	0	0	column_0|question|answer_adversarial|answer_no_adversarial
I-104	task1	https://www.kaggle.com/anishgoswami123/question-answering-covid-19	0	0	0	0	
I-104	task1	https://www.kaggle.com/nikolay1991/cord-19-artm-search	0	534	431	428	
I-104	task1	https://www.kaggle.com/albertpunt/bm25-bert-word2vec-embeddings	0	107	107	107	
I-104	task1	https://www.kaggle.com/rebeccaburwei/covid-19-pediatric-patients-who-were-asymptomatic	0	0	0	0	
I-104	task1	https://www.kaggle.com/freshnemo1/covid-19-transmission	0	0	0	0	
I-104	task1	https://www.kaggle.com/dibya12/task1-cord-19	0	0	0	0	
I-104	task1	https://www.kaggle.com/leonardoaj/kernel7226bbdbcc	0	1	0	0	
I-104	task1	https://www.kaggle.com/kuzn137/maximum-rates-prediction	0	0	0	0	
I-104	task1	https://www.kaggle.com/kuzn137/maximum-rates-prediction	1	5	0	0	column_0|Province/State|Country/Region|Lat|Long|1/22/20|1/23/20|1/24/20|1/25/20|1/26/20|1/27/20|...|4/7/20|4/8/20|4/9/20|4/10/20|4/11/20|4/12/20|4/13/20|4/14/20|4/15/20|4/16/20
I-104	task1	https://www.kaggle.com/kuzn137/maximum-rates-prediction	1	5	0	0	column_0|Province/State|Population|density|age
I-104	task1	https://www.kaggle.com/akoder/named-entities-detection-in-cord-19-corpus	0	1	0	0	
I-104	task1	https://www.kaggle.com/akoder/named-entities-detection-in-cord-19-corpus	1	4	0	0	column_0|Entity|Source
I-104	task1	https://www.kaggle.com/akoder/named-entities-detection-in-cord-19-corpus	1	5	5	5	column_0|cord_uid|sha|source_x|title|doi|pmcid|pubmed_id|license|abstract|publish_time|authors|journal|Microsoft Academic Paper ID|WHO #Covidence|has_pdf_parse|has_pmc_xml_parse|full_text_file|url
I-104	task1	https://www.kaggle.com/akoder/named-entities-detection-in-cord-19-corpus	8	191	180	180	column_0|Date|Study|URL|Snippet
I-104	task1	https://www.kaggle.com/zoeyjiang/task-classification-on-word2vec-bert	0	2	0	0	
I-104	task1	https://www.kaggle.com/katrinahooper/keyword-document-search	0	0	0	0	
I-104	task1	https://www.kaggle.com/ksymoens/covid-19-topic-modelling-and-rule-based-matching	0	0	0	0	
I-104	task1	https://www.kaggle.com/ksymoens/covid-19-topic-modelling-and-rule-based-matching	1	5	5	5	column_0|paper_id|abstract|body_text|authors|title|journal|publication_date|paragraphs
I-104	task1	https://www.kaggle.com/ksymoens/covid-19-topic-modelling-and-rule-based-matching	1	5	5	5	column_0|paper_id|abstract|body_text|authors|title|journal|publication_date|sections|paper_language
I-104	task1	https://www.kaggle.com/ksymoens/covid-19-topic-modelling-and-rule-based-matching	1	5	5	5	column_0|paper_id|title|authors|incubation_extract
I-104	task1	https://www.kaggle.com/ksymoens/covid-19-topic-modelling-and-rule-based-matching	1	5	5	5	column_0|paper_id|title|authors|transmission_extract
I-104	task1	https://www.kaggle.com/ksymoens/covid-19-topic-modelling-and-rule-based-matching	1	5	5	5	column_0|paper_id|title|authors|mortality_extract
I-104	task1	https://www.kaggle.com/ksymoens/covid-19-topic-modelling-and-rule-based-matching	1	5	5	5	column_0|paper_id|abstract|body_text|authors|title|journal|publication_date|sections|paper_language|tag_covid19|...|tag_risk_smoking|tag_risk_diabetes|tag_risk_hypertension|tag_risk_immunodeficiency|tag_risk_cancer|tag_risk_chronic_respiratory_disease|tag_risk_asthma|tag_immunity_generic|tag_climate_generic|tag_publication_date
I-104	task1	https://www.kaggle.com/ksymoens/covid-19-topic-modelling-and-rule-based-matching	1	5	5	5	column_0|paper_id|title|authors|incubation_extract|tag_sars|tag_mers|tag_corona|tag_ards|tag_design_riskfac|tag_generic_risk_factors|...|tag_risk_smoking|tag_risk_diabetes|tag_risk_hypertension|tag_risk_immunodeficiency|tag_risk_cancer|tag_risk_chronic_respiratory_disease|tag_risk_asthma|tag_immunity_generic|tag_climate_generic|tag_publication_date
I-104	task1	https://www.kaggle.com/ksymoens/covid-19-topic-modelling-and-rule-based-matching	1	5	5	5	column_0|paper_id|title|authors|transmission_extract|tag_sars|tag_mers|tag_corona|tag_ards|tag_design_riskfac|tag_generic_risk_factors|...|tag_risk_smoking|tag_risk_diabetes|tag_risk_hypertension|tag_risk_immunodeficiency|tag_risk_cancer|tag_risk_chronic_respiratory_disease|tag_risk_asthma|tag_immunity_generic|tag_climate_generic|tag_publication_date
I-104	task1	https://www.kaggle.com/ksymoens/covid-19-topic-modelling-and-rule-based-matching	1	5	5	5	column_0|paper_id|title|authors|mortality_extract|tag_sars|tag_mers|tag_corona|tag_ards|tag_design_riskfac|tag_generic_risk_factors|...|tag_risk_smoking|tag_risk_diabetes|tag_risk_hypertension|tag_risk_immunodeficiency|tag_risk_cancer|tag_risk_chronic_respiratory_disease|tag_risk_asthma|tag_immunity_generic|tag_climate_generic|tag_publication_date
I-104	task1	https://www.kaggle.com/aestheteaman01/demographics-observation-for-pandemic-escalation	0	1	0	0	
I-104	task1	https://www.kaggle.com/aestheteaman01/demographics-observation-for-pandemic-escalation	1	5	0	0	column_0|SNo|ObservationDate|Province/State|Country/Region|Last Update|Confirmed|Deaths|Recovered
I-104	task1	https://www.kaggle.com/aestheteaman01/demographics-observation-for-pandemic-escalation	1	5	0	0	column_0|SNo|ObservationDate|Province/State|Country/Region|Confirmed|Deaths|Recovered
I-104	task1	https://www.kaggle.com/aestheteaman01/demographics-observation-for-pandemic-escalation	2	6	0	0	column_0|Date|State|Country|Cumulative_cases|Cumulative_death|Temperature|Min_temperature|Max_temperature|Wind_speed|Precipitation|...|Available Beds/1000|Confirmed Cases/1000|Lung Patients (F)|Lung Patients (M)|Life Expectancy (M)|Life Expectancy (F)|Total_tests_conducted|Out_Travels (mill.)|In_travels(mill.)|Domestic_Travels (mill.)
I-104	task1	https://www.kaggle.com/aestheteaman01/demographics-observation-for-pandemic-escalation	1	5	0	0	column_0|Date|State|Country|Cumulative_cases|Cumulative_death|Daily_cases|Daily_death|Latitude|Longitude|Temperature|Wind_speed|Precipitation|Fog_Presence
I-104	task1	https://www.kaggle.com/aestheteaman01/demographics-observation-for-pandemic-escalation	1	5	0	0	column_0|fips|state|county|Confirmed|Deaths|Smokers|Obesity|Food Environment index|Exercise|overcrowding|Diabetics|Insufficient Sleep|Traffic Volume|65% Above Population|Rural Population
I-104	task1	https://www.kaggle.com/jinjun/getting-started-with-biopython	0	1	0	0	
I-104	task1	https://www.kaggle.com/zhangyuanxun/notebook5821285cf9	0	0	0	0	
I-104	task1	https://www.kaggle.com/yenlab/semantic-query-where-does-good-result-come-from	0	3	2	2	
I-104	task1	https://www.kaggle.com/yenlab/semantic-query-where-does-good-result-come-from	1	3	2	2	column_0|cord_uid|source_x|title|doi|pmcid|pubmed_id|license|abstract|publish_time|authors|journal|Microsoft Academic Paper ID|WHO #Covidence|has_pdf_parse|has_pmc_xml_parse|full_text_file|url
I-104	task1	https://www.kaggle.com/yenlab/semantic-query-where-does-good-result-come-from	1	2	2	2	column_0|paper_id|abstract_raw|body_text|authors|title_raw|title_all|journal|abstract_all|pubmed_id|publish_time
