rowType_cord19	cord-19-task	notebookUrl	cTable	cItems	cArticles	cArticlesMatched	columnHeaders
I-104	RiskFactorsCsv	csv=Age.csv	1	21	21	20	column_0|Date|Title|URL|Journal|Severe|Severe lower bound|Severe upper bound|Severe p-value|Severe Significant|Severe Adjusted|Severe Calculated|Fatality|Fatality lower bound|Fatality upper bound|Fatality p-value|Fatality Significant|Fatality Adjusted|Fatality Calculated|Multivariate adjustment|Design|Sample|Study population|Added on|Critical only|Discharged vs. death?
I-104	RiskFactorsCsv	csv=Cancer.csv	1	10	10	10	column_0|Date|Title|URL|Journal|Severe|Severe lower bound|Severe upper bound|Severe p-value|Severe Significant|Severe Adjusted|Severe Calculated|Fatality|Fatality lower bound|Fatality upper bound|Fatality p-value|Fatality Significant|Fatality Adjusted|Fatality Calculated|Multivariate adjustment|Design|Sample|Study population|Added on|Critical only|Discharged vs. death?
I-104	RiskFactorsCsv	csv=Cardio- and cerebrovascular disease.csv	1	4	4	4	column_0|Date|Title|URL|Journal|Severe|Severe lower bound|Severe upper bound|Severe p-value|Severe Significant|Severe Adjusted|Severe Calculated|Fatality|Fatality lower bound|Fatality upper bound|Fatality p-value|Fatality Significant|Fatality Adjusted|Fatality Calculated|Multivariate adjustment|Design|Sample|Study population|Added on|Critical only|Discharged vs. death?
I-104	RiskFactorsCsv	csv=Cerebrovascular disease.csv	1	7	7	7	column_0|Date|Title|URL|Journal|Severe|Severe lower bound|Severe upper bound|Severe p-value|Severe Significant|Severe Adjusted|Severe Calculated|Fatality|Fatality lower bound|Fatality upper bound|Fatality p-value|Fatality Significant|Fatality Adjusted|Fatality Calculated|Multivariate adjustment|Design|Sample|Study population|Added on|Critical only|Discharged vs. death?
I-104	RiskFactorsCsv	csv=Chronic kidney disease.csv	1	7	7	7	column_0|Date|Title|URL|Journal|Severe|Severe lower bound|Severe upper bound|Severe p-value|Severe Significant|Severe Adjusted|Severe Calculated|Fatality|Fatality lower bound|Fatality upper bound|Fatality p-value|Fatality Significant|Fatality Adjusted|Fatality Calculated|Multivariate adjustment|Design|Sample|Study population|Added on|Critical only|Discharged vs. death?
I-104	RiskFactorsCsv	csv=Chronic liver disease.csv	1	4	4	4	column_0|Date|Title|URL|Journal|Severe|Severe lower bound|Severe upper bound|Severe p-value|Severe Significant|Severe Adjusted|Severe Calculated|Fatality|Fatality lower bound|Fatality upper bound|Fatality p-value|Fatality Significant|Fatality Adjusted|Fatality Calculated|Multivariate adjustment|Design|Sample|Study population|Added on|Critical only|Discharged vs. death?
I-104	RiskFactorsCsv	csv=Chronic respiratory diseases.csv	1	10	10	10	column_0|Date|Title|URL|Journal|Severe|Severe lower bound|Severe upper bound|Severe p-value|Severe Significant|Severe Adjusted|Severe Calculated|Fatality|Fatality lower bound|Fatality upper bound|Fatality p-value|Fatality Significant|Fatality Adjusted|Fatality Calculated|Multivariate adjustment|Design|Sample|Study population|Added on|Critical only|Discharged vs. death?
I-104	RiskFactorsCsv	csv=COPD.csv	1	17	17	17	column_0|Date|Title|URL|Journal|Severe|Severe lower bound|Severe upper bound|Severe p-value|Severe Significant|Severe Adjusted|Severe Calculated|Fatality|Fatality lower bound|Fatality upper bound|Fatality p-value|Fatality Significant|Fatality Adjusted|Fatality Calculated|Multivariate adjustment|Design|Sample|Study population|Added on|Critical only|Discharged vs. death?
I-104	RiskFactorsCsv	csv=Diabetes.csv	1	66	66	66	column_0|Date|Title|URL|Journal|Severe|Severe lower bound|Severe upper bound|Severe p-value|Severe Significant|Severe Adjusted|Severe Calculated|Fatality|Fatality lower bound|Fatality upper bound|Fatality p-value|Fatality Significant|Fatality Adjusted|Fatality Calculated|Multivariate adjustment|Design|Sample|Study population|Added on|Critical only|Discharged vs. death?
I-104	RiskFactorsCsv	csv=Drinking.csv	1	1	1	1	column_0|Date|Title|URL|Journal|Severe|Severe lower bound|Severe upper bound|Severe p-value|Severe Significant|Severe Adjusted|Severe Calculated|Fatality|Fatality lower bound|Fatality upper bound|Fatality p-value|Fatality Significant|Fatality Adjusted|Fatality Calculated|Multivariate adjustment|Design|Sample|Study population|Added on|Critical only?|Discharged vs. death?
I-104	RiskFactorsCsv	csv=Heart Disease.csv	1	43	43	43	column_0|Date|Title|URL|Journal|Severe|Severe lower bound|Severe upper bound|Severe p-value|Severe Significant|Severe Adjusted|Severe Calculated|Fatality|Fatality lower bound|Fatality upper bound|Fatality p-value|Fatality Significant|Fatality Adjusted|Fatality Calculated|Multivariate adjustment|Design|Sample|Study population|Added on|Critical only|Discharged vs. death?
I-104	RiskFactorsCsv	csv=Hypertension.csv	1	80	80	80	column_0|Date|Title|URL|Journal|Severe|Severe lower bound|Severe upper bound|Severe p-value|Severe Significant|Severe Adjusted|Severe Calculated|Fatality|Fatality lower bound|Fatality upper bound|Fatality p-value|Fatality Significant|Fatality Adjusted|Fatality Calculated|Multivariate adjustment|Design|Sample|Study population
I-104	RiskFactorsCsv	csv=Male gender.csv	1	99	99	99	column_0|Date|Title|URL|Journal|Severe|Severe lower bound|Severe upper bound|Severe p-value|Severe Significant|Severe Adjusted|Severe Calculated|Fatality|Fatality lower bound|Fatality upper bound|Fatality p-value|Fatality Significant|Fatality Adjusted|Fatality Calculated|Multivariate adjustment|Design|Sample|Study population|Added on|Critical only|Discharged vs. death?
I-104	RiskFactorsCsv	csv=Overweight or obese.csv	1	10	10	10	column_0|Date|Title|URL|Journal|Severe|Severe lower bound|Severe upper bound|Severe p-value|Severe Significant|Severe Adjusted|Severe Calculated|Fatality|Fatality lower bound|Fatality upper bound|Fatality p-value|Fatality Significant|Fatality Adjusted|Fatality Calculated|Multivariate adjustment|Design|Sample|Study population|Added on|Critical only|Discharged vs. death?
I-104	RiskFactorsCsv	csv=Respiratory system diseases.csv	1	5	5	5	column_0|Date|Title|URL|Journal|Severe|Severe lower bound|Severe upper bound|Severe p-value|Severe Significant|Severe Adjusted|Severe Calculated|Fatality|Fatality lower bound|Fatality upper bound|Fatality p-value|Fatality Significant|Fatality Adjusted|Fatality Calculated|Multivariate adjustment|Design|Sample|Study population|Added on|Critical only|Discharged vs. death?
I-104	RiskFactorsCsv	csv=Smoking Status.csv	1	28	28	28	column_0|Date|Title|URL|Journal|Severe|Severe lower bound|Severe upper bound|Severe p-value|Severe Significant|Severe Adjusted|Severe Calculated|Fatality|Fatality lower bound|Fatality upper bound|Fatality p-value|Fatality Significant|Fatality Adjusted|Fatality Calculated|Multivariate adjustment|Design|Sample|Study population|Added on|Critical only|Discharged vs. death?
