rowType_cord19	cord-19-task	notebookUrl	cTable	cItems	cArticles	cArticlesMatched	columnHeaders
I-104	KeyScientificQuestionsCsv	csv=Adhesion to hydrophilic_phobic surfaces.csv	1	4	4	4	column_0|Date|Study|Study Link|Journal|Surface|Does Virus persist on surface|Hydrophobic or Hydrophilic|Time of persistence
I-104	KeyScientificQuestionsCsv	csv=Air Temperature and COVID .csv	1	5	5	5	column_0|Date|Study|Study Link|Journal|Result|Significant Factors|Factors Described|Effect|Study Type|Sample (n)
I-104	KeyScientificQuestionsCsv	csv=Are there studies about phenotypic change_.csv	1	6	6	6	column_0|Date|Study|Study Link|Journal|Tool|Result|Study Type|Measure of Evidence Strength|Sample (n)
I-104	KeyScientificQuestionsCsv	csv=Asymptomatic transmission during incubation.csv	1	5	5	4	column_0|Date|Study|Study Link|Journal|Asymptomatic Transmission Rate (%)|Age|Excerpt|Design|Sample
I-104	KeyScientificQuestionsCsv	csv=Changes in COVID-19 as the virus evolves.csv	1	8	8	8	column_0|Date|Study|Study Link|Journal|Tool Type|Result of Tool|Study Type|Measure of Evidence Strength|Sample (n)
I-104	KeyScientificQuestionsCsv	csv=Decontamination based on physical science.csv	1	13	13	13	column_0|Date|Study|Study Link|Journal|Decontaminant|Effect on SARS-CoV-2|Effective Against|Recommended concentration
I-104	KeyScientificQuestionsCsv	csv=Development of a point-of-care test and rapid bed-side tests.csv	1	49	49	41	column_0|Date|Study|Study Link|Journal|Study Type|Detection Method|Sample (n)|Measure of Evidence (Sn &amp; Sp)|Speed of assay|FDA approval
I-104	KeyScientificQuestionsCsv	csv=Effectiveness of a multifactoral strategy.csv	1	14	14	14	column_0|Date|Study|Study Link|Journal|Population|Timeline Modeled|Baseline Scenario|With Intervention|Study Type
I-104	KeyScientificQuestionsCsv	csv=Effectiveness of a multifactorial strategy prevent secondary transmission.csv	1	8	8	8	column_0|Date|Study|Study Link|Journal|Population|Timeline Modeled|Baseline Scenario|With Intervention|Study Type
I-104	KeyScientificQuestionsCsv	csv=Effectiveness of case isolation_isolation of exposed individuals (i.e. quarantine).csv	1	13	13	13	column_0|Date|Study|Study Link|Journal|Population|Timeline Modeled|Baseline Scenario|With Intervention|Study Type
I-104	KeyScientificQuestionsCsv	csv=Effectiveness of case isolation_isolation of exposed individuals.csv	1	35	35	35	column_0|Date|Study|Study Link|Journal|Population|Timeline Modeled|Baseline Scenario|With Intervention|Study Type
I-104	KeyScientificQuestionsCsv	csv=Effectiveness of community contact reduction.csv	1	16	16	16	column_0|Date|Study|Study Link|Journal|Population|Timeline Modeled|Baseline Scenario|With Intervention|Study Type
I-104	KeyScientificQuestionsCsv	csv=Effectiveness of inter_inner travel restriction .csv	1	8	8	8	column_0|Date|Study|Study Link|Journal|Population|Timeline Modeled|Baseline Scenario|With Intervention|Study Type
I-104	KeyScientificQuestionsCsv	csv=Effectiveness of inter_inner travel restriction to prevent secondary transmission.csv	1	8	8	8	column_0|Date|Study|Study Link|Journal|Population|Timeline Modeled|Baseline Scenario|With Intervention|Study Type
I-104	KeyScientificQuestionsCsv	csv=Effectiveness of school distancing to prevent secondary transmission.csv	1	14	14	14	column_0|Date|Study|Study Link|Journal|Population|Timeline Modeled|Baseline Scenario|With Intervention|Study Type
I-104	KeyScientificQuestionsCsv	csv=Effectiveness of school distancing.csv	1	4	4	4	column_0|Date|Study|Study Link|Journal|Population|Timeline Modeled|Baseline Scenario|With Intervention|Study Type
I-104	KeyScientificQuestionsCsv	csv=Effectiveness of workplace distancing to prevent.csv	1	14	14	14	column_0|Date|Study|Study Link|Journal|Population|Timeline Modeled|Baseline Scenario|With Intervention|Study Type
I-104	KeyScientificQuestionsCsv	csv=Effectiveness of workplace distancing.csv	1	4	4	4	column_0|Date|Study|Study Link|Journal|Population|Timeline Modeled|Baseline Scenario|With Intervention|Study Type
I-104	KeyScientificQuestionsCsv	csv=Evidence that domesticated_farm animals can be infected and maintain transmissibility of the disease.csv	1	11	11	7	column_0|Date|Title|Journal|DOI|Study Type|Animals Studied / Cases|Sample|Detection Methods|Evidence of Infection / Transmission|Conclusion Excerpt
I-104	KeyScientificQuestionsCsv	csv=How does temperature and humidity affect the tramsmission of 2019-nCoV_ .csv	1	20	20	20	column_0|Date|Study|Study Link|Journal|Result|Significant Factors|Factors Described|Effect|Study Type|Measure of Evidence
I-104	KeyScientificQuestionsCsv	csv=How does temperature and humidity affect the transmission of 2019-nCoV_.csv	1	12	12	12	column_0|Date|Study|Study Link|Journal|Result|Significant Factors|Factors Described|Effect|Study Type|Sample (n)
I-104	KeyScientificQuestionsCsv	csv=How does the virus persist on inanimate surfaces_.csv	1	1	1	1	column_0|Date|Study|Study Link|Journal|Days|Range (Days)|Sample (n)|Study Type|Confirmation
I-104	KeyScientificQuestionsCsv	csv=How is transmission affected by seasonal changes in humidity and temperature_.csv	1	3	3	3	column_0|Date|Study|Study Link|Journal|Result|Significant Factors|Factors Described|Effect|Study Type|Sample (n)
I-104	KeyScientificQuestionsCsv	csv=How long can the virus remain viable on surfaces_.csv	1	1	1	1	column_0|Date|Study|Study Link|Journal|Days|Range (Days)|Sample (n)|Study Type|Confirmation
I-104	KeyScientificQuestionsCsv	csv=How the virus is transmitted.csv	1	14	13	11	column_0|Date|Study|Study Link|Journal|Possible Method(s) of Transmission|Study Type|Sample Size|Confirmation
I-104	KeyScientificQuestionsCsv	csv=Human immune response to COVID-19.csv	1	17	17	17	column_0|Date|Study|Study Link|Journal|Result|Study Type|Measure of Evidence Strength|Sample (n)
I-104	KeyScientificQuestionsCsv	csv=Incubation period across different age groups.csv	1	6	6	6	column_0|Date|Study|Study Link|Journal|Days|Range (Days)|Sample (n)|Study Type
I-104	KeyScientificQuestionsCsv	csv=Length of viral shedding after illness onset.csv	1	5	5	5	column_0|Date|Study|Study Link|Journal|Days|Range (Days)|Sample (n)|Study Type
I-104	KeyScientificQuestionsCsv	csv=Management of patients who are underhoused or otherwise lower social economic status..csv	1	18	18	6	column_0|Date|Study|Study Link|Journal|LES Population|Recommendation Snippet|Study Type
I-104	KeyScientificQuestionsCsv	csv=Management of patients who are underhoused or otherwise lower social economic status.csv	1	18	18	6	column_0|Date|Study|Study Link|Journal|LES Population|Recommendation Snippet|Study Type
I-104	KeyScientificQuestionsCsv	csv=Modes of communicating with target high-risk populations (elderly, health care workers)..csv	1	16	16	9	column_0|Date|Study|Study Link|Journal|Mode of Communication|Population|Study Type
I-104	KeyScientificQuestionsCsv	csv=Natural history of the virus from an infected person.csv	1	2	2	2	column_0|Date|Study|Study Link|Journal|Days|Range (Days)|Sample (n)|Study Type|Confirmation
I-104	KeyScientificQuestionsCsv	csv=New advances in diagnosing SARS-COV-2.csv	1	13	13	13	column_0|Date|Study|Study Link|Journal|Study Type|Detection Method|Sample (n)|Measure of Evidence (Sn &amp; Sp)|Speed of assay|FDA approval (Y/N)|Added By|Added on
I-104	KeyScientificQuestionsCsv	csv=Pediatric patients who were asymptomatic.csv	1	8	8	7	column_0|Date|Study|Study Link|Journal|Asymptomatic Proportion|Age|Excerpt|Design|Sample
I-104	KeyScientificQuestionsCsv	csv=Persistence and stability on various substrates.csv	1	13	13	13	column_0|Date|Study|Study Link|Journal|Days After Onset/Admission (+) Covid-19 Presence (maximum unless otherwise stated)|Source / Summary|Study Type|Sample Size|Confirmation
I-104	KeyScientificQuestionsCsv	csv=Persistence on different materials.csv	1	2	2	2	column_0|Date|Study|Study Link|Journal|Persistence|TCID50/mL|Half Life (median)|Sample (n)|Study Type|Confirmation
I-104	KeyScientificQuestionsCsv	csv=Proportion of patients who were asymptomatic.csv	1	14	14	13	column_0|Date|Study|Link|Journal|Asymptomatic Proportion|Age|Excerpt|Design|Sample
I-104	KeyScientificQuestionsCsv	csv=Seasonality of transmission .csv	1	15	15	15	column_0|Date|Study|Study Link|Journal|Result|Significant Factors|Factors Described|Effect|Study Type|Measure of Evidence
I-104	KeyScientificQuestionsCsv	csv=Seasonality of transmission.csv	1	14	14	14	column_0|Date|Study|Study Link|Journal|Result|Significant Factors|Factors Described|Effect|Study Type|Sample (n)
I-104	KeyScientificQuestionsCsv	csv=Serial Interval (for infector-infectee pair).csv	1	12	12	12	column_0|Date|Study|Study Link|Journal|Serial Interval (days)|N value|Study Type|Population
I-104	KeyScientificQuestionsCsv	csv=Studies to monitor potential adaptations.csv	1	12	12	12	column_0|Date|Study|Study Link|Journal|Tool Type|Result of Tool|Study Type|Measure of Evidence Strength|Sample (n)
I-104	KeyScientificQuestionsCsv	csv=Susceptibility to environmental cleaning agents.csv	1	29	29	21	column_0|Date|Study|Study Link|Journal|Cleaning Agent|Effective|Intended Surface|Recommended Concentration
I-104	KeyScientificQuestionsCsv	csv=What do models for transmission predict_.csv	1	14	14	14	column_0|Date|Study|Study Link|Journal|R0|Other|Mathematical Model|Link to Source Code
I-104	KeyScientificQuestionsCsv	csv=What do we know about diagnostics and coronavirus_.csv	1	34	34	26	column_0|Date|Study|Study Link|Journal|Detection Method|Sample (n)|Measure of Evidence (Sn &amp; Sp)|Speed of assay|FDA approval|Study Type|Added By|Added on
I-104	KeyScientificQuestionsCsv	csv=What do we know about seasonality of transmission_.csv	1	5	5	5	column_0|Date|Study|Study Link|Journal|Result|Significant Factors|Factors Described|Effect|Study Type|Sample (n)
I-104	KeyScientificQuestionsCsv	csv=What do we know about viral shedding in blood_.csv	1	4	4	4	column_0|Date|Study|Study Link|Journal|Days After Admission Covid-19 is Present|Source / Summary|Study Type|Sample Size|Confirmation
I-104	KeyScientificQuestionsCsv	csv=What do we know about viral shedding in stool_.csv	1	9	9	9	column_0|Date|Study|Study Link|Journal|Days After Onset|Source / Summary|Study Type|Sample Size|Confirmation
I-104	KeyScientificQuestionsCsv	csv=What do we know about viral shedding in urine_.csv	1	3	3	3	column_0|Date|Study|Study Link|Journal|Days After Admission Covid-19 is Present|Source / Summary|Study Type|Sample Size|Confirmation
I-104	KeyScientificQuestionsCsv	csv=What do we know about viral shedding nasopharynx_.csv	1	6	6	6	column_0|Date|Study|Study Link|Journal|Days After Admission Covid-19 is Present|Source / Summary|Study Type|Sample Size|Confirmation
I-104	KeyScientificQuestionsCsv	csv=What is know about mutations of the virus_.csv	1	17	17	17	column_0|Date|Study|Study Link|Journal|Tool Type (If applicable)|Results|Study Type|Measure of Evidence Strength|Sample (n)
I-104	KeyScientificQuestionsCsv	csv=What is the best method to combat the hypercoagulable state seen in COVID-19_.csv	1	24	24	10	column_0|Date|Title|Link|Journal|Therapeutic method(s) utilized/assessed|Sample (n)|Severity of Symptoms|General Outcome/Conclusion Excerpt|Primary Endpoint(s)|Study Design
I-104	KeyScientificQuestionsCsv	csv=What is the Incubation Period of the Virus_.csv	1	36	36	35	column_0|Date|Study|Study Link|Journal|Days|Range (Days)|Sample (n)|Study Type 
I-104	KeyScientificQuestionsCsv	csv=What is the longest duration of viral shedding_.csv	1	1	1	1	column_0|Date|Study|Study Link|Journal|Days|IQR (Days)|Sample (n)|Study Type|Confirmation
I-104	KeyScientificQuestionsCsv	csv=What is the median viral shedding duration_.csv	1	3	3	3	column_0|Date|Study|Study Link|Journal|Days|IQR (Days)|Sample (n)|Study Type|Confirmation
I-104	KeyScientificQuestionsCsv	csv=What regional genetic variations (mutations) exist.csv	1	5	5	5	column_0|Date|Study|Study Link|Journal|Genetic variations (mutations)|Phenotype|Study Type|Sample (n)|GenBank
